./instances/ruiz/json/n20m2-01.json,616,616,614
./instances/ruiz/json/n20m2-02.json,632,629,631
./instances/ruiz/json/n20m2-03.json,567,577,572
./instances/ruiz/json/n20m2-04.json,525,523,525
./instances/ruiz/json/n20m2-05.json,373,375,374
./instances/ruiz/json/n20m2-06.json,325,321,325
./instances/ruiz/json/n20m2-07.json,462,461,462
./instances/ruiz/json/n20m2-08.json,391,384,393
./instances/ruiz/json/n20m2-09.json,442,443,441
./instances/ruiz/json/n20m2-10.json,341,341,342
./instances/ruiz/json/n20m2-11.json,602,616,594
./instances/ruiz/json/n20m2-12.json,585,601,603
./instances/ruiz/json/n20m2-13.json,571,573,573
./instances/ruiz/json/n20m2-14.json,551,555,547
./instances/ruiz/json/n20m2-15.json,641,652,644
./instances/ruiz/json/n20m2-16.json,399,400,399
./instances/ruiz/json/n20m2-17.json,399,390,398
./instances/ruiz/json/n20m2-18.json,282,282,282
./instances/ruiz/json/n20m2-19.json,306,306,306
./instances/ruiz/json/n20m2-20.json,338,339,341
./instances/ruiz/json/n20m2-21.json,727,723,722
./instances/ruiz/json/n20m2-22.json,497,497,529
./instances/ruiz/json/n20m2-23.json,724,730,752
./instances/ruiz/json/n20m2-24.json,579,572,581
./instances/ruiz/json/n20m2-25.json,661,655,638
./instances/ruiz/json/n20m2-26.json,432,432,432
./instances/ruiz/json/n20m2-27.json,452,458,462
./instances/ruiz/json/n20m2-28.json,401,401,408
./instances/ruiz/json/n20m2-29.json,409,429,407
./instances/ruiz/json/n20m2-30.json,354,354,357
./instances/ruiz/json/n20m2-31.json,705,715,675
./instances/ruiz/json/n20m2-32.json,764,770,754
./instances/ruiz/json/n20m2-33.json,685,703,670
./instances/ruiz/json/n20m2-34.json,753,753,751
./instances/ruiz/json/n20m2-35.json,778,778,772
./instances/ruiz/json/n20m2-36.json,428,428,428
./instances/ruiz/json/n20m2-37.json,544,553,543
./instances/ruiz/json/n20m2-38.json,377,377,377
./instances/ruiz/json/n20m2-39.json,537,538,519
./instances/ruiz/json/n20m2-40.json,455,455,463
./instances/ruiz/json/n20m2-41.json,408,405,408
./instances/ruiz/json/n20m2-42.json,937,935,937
./instances/ruiz/json/n20m2-43.json,421,425,420
./instances/ruiz/json/n20m2-44.json,1045,1047,1047
./instances/ruiz/json/n20m2-45.json,505,508,514
./instances/ruiz/json/n20m2-46.json,178,179,178
./instances/ruiz/json/n20m2-47.json,211,211,211
./instances/ruiz/json/n20m2-48.json,193,193,193
./instances/ruiz/json/n20m2-49.json,441,441,441
./instances/ruiz/json/n20m2-50.json,260,260,261
./instances/ruiz/json/n20m2-51.json,941,942,934
./instances/ruiz/json/n20m2-52.json,336,329,337
./instances/ruiz/json/n20m2-53.json,962,954,953
./instances/ruiz/json/n20m2-54.json,878,878,878
./instances/ruiz/json/n20m2-55.json,535,540,540
./instances/ruiz/json/n20m2-56.json,326,332,326
./instances/ruiz/json/n20m2-57.json,657,657,657
./instances/ruiz/json/n20m2-58.json,585,585,585
./instances/ruiz/json/n20m2-59.json,394,394,394
./instances/ruiz/json/n20m2-60.json,832,832,832
./instances/ruiz/json/n20m2-61.json,1062,1080,1049
./instances/ruiz/json/n20m2-62.json,584,574,591
./instances/ruiz/json/n20m2-63.json,969,966,978
./instances/ruiz/json/n20m2-64.json,1330,1331,1331
./instances/ruiz/json/n20m2-65.json,1217,1211,1205
./instances/ruiz/json/n20m2-66.json,765,795,775
./instances/ruiz/json/n20m2-67.json,393,389,393
./instances/ruiz/json/n20m2-68.json,262,262,262
./instances/ruiz/json/n20m2-69.json,363,348,353
./instances/ruiz/json/n20m2-70.json,416,416,416
./instances/ruiz/json/n20m2-71.json,625,594,615
./instances/ruiz/json/n20m2-72.json,1009,985,985
./instances/ruiz/json/n20m2-73.json,553,553,550
./instances/ruiz/json/n20m2-74.json,633,627,638
./instances/ruiz/json/n20m2-75.json,1053,1035,1041
./instances/ruiz/json/n20m2-76.json,273,294,273
./instances/ruiz/json/n20m2-77.json,657,657,657
./instances/ruiz/json/n20m2-78.json,523,523,526
./instances/ruiz/json/n20m2-79.json,608,616,608
./instances/ruiz/json/n20m2-80.json,793,785,785
./instances/ruiz/json/n20m4-01.json,648,647,645
./instances/ruiz/json/n20m4-02.json,705,705,714
./instances/ruiz/json/n20m4-03.json,538,539,535
./instances/ruiz/json/n20m4-04.json,627,628,637
./instances/ruiz/json/n20m4-05.json,621,622,621
./instances/ruiz/json/n20m4-06.json,344,344,345
./instances/ruiz/json/n20m4-07.json,305,305,318
./instances/ruiz/json/n20m4-08.json,409,405,411
./instances/ruiz/json/n20m4-09.json,429,430,429
./instances/ruiz/json/n20m4-10.json,373,374,374
./instances/ruiz/json/n20m4-11.json,679,701,679
./instances/ruiz/json/n20m4-12.json,807,805,799
./instances/ruiz/json/n20m4-13.json,670,668,678
./instances/ruiz/json/n20m4-14.json,744,744,742
./instances/ruiz/json/n20m4-15.json,723,702,696
./instances/ruiz/json/n20m4-16.json,278,278,265
./instances/ruiz/json/n20m4-17.json,412,412,412
./instances/ruiz/json/n20m4-18.json,575,582,582
./instances/ruiz/json/n20m4-19.json,450,455,437
./instances/ruiz/json/n20m4-20.json,465,465,469
./instances/ruiz/json/n20m4-21.json,867,871,903
./instances/ruiz/json/n20m4-22.json,880,874,868
./instances/ruiz/json/n20m4-23.json,852,886,853
./instances/ruiz/json/n20m4-24.json,855,887,840
./instances/ruiz/json/n20m4-25.json,968,949,967
./instances/ruiz/json/n20m4-26.json,661,640,652
./instances/ruiz/json/n20m4-27.json,494,486,486
./instances/ruiz/json/n20m4-28.json,564,564,568
./instances/ruiz/json/n20m4-29.json,627,590,602
./instances/ruiz/json/n20m4-30.json,661,646,660
./instances/ruiz/json/n20m4-31.json,958,951,954
./instances/ruiz/json/n20m4-32.json,973,969,927
./instances/ruiz/json/n20m4-33.json,885,886,898
./instances/ruiz/json/n20m4-34.json,969,1006,1015
./instances/ruiz/json/n20m4-35.json,1156,1089,1123
./instances/ruiz/json/n20m4-36.json,567,558,570
./instances/ruiz/json/n20m4-37.json,559,559,565
./instances/ruiz/json/n20m4-38.json,578,578,578
./instances/ruiz/json/n20m4-39.json,769,790,799
./instances/ruiz/json/n20m4-40.json,595,595,578
./instances/ruiz/json/n20m4-41.json,991,993,1001
./instances/ruiz/json/n20m4-42.json,1032,1054,1028
./instances/ruiz/json/n20m4-43.json,822,827,818
./instances/ruiz/json/n20m4-44.json,1016,1016,1021
./instances/ruiz/json/n20m4-45.json,466,453,457
./instances/ruiz/json/n20m4-46.json,436,436,435
./instances/ruiz/json/n20m4-47.json,229,229,229
./instances/ruiz/json/n20m4-48.json,750,755,743
./instances/ruiz/json/n20m4-49.json,450,434,434
./instances/ruiz/json/n20m4-50.json,447,442,451
./instances/ruiz/json/n20m4-51.json,588,596,584
./instances/ruiz/json/n20m4-52.json,1205,1193,1198
./instances/ruiz/json/n20m4-53.json,1214,1273,1242
./instances/ruiz/json/n20m4-54.json,651,646,644
./instances/ruiz/json/n20m4-55.json,1280,1268,1257
./instances/ruiz/json/n20m4-56.json,278,278,278
./instances/ruiz/json/n20m4-57.json,409,395,381
./instances/ruiz/json/n20m4-58.json,380,380,377
./instances/ruiz/json/n20m4-59.json,730,725,725
./instances/ruiz/json/n20m4-60.json,803,803,803
./instances/ruiz/json/n20m4-61.json,1301,1323,1273
./instances/ruiz/json/n20m4-62.json,1016,983,964
./instances/ruiz/json/n20m4-63.json,1279,1311,1321
./instances/ruiz/json/n20m4-64.json,1035,1028,1050
./instances/ruiz/json/n20m4-65.json,860,851,850
./instances/ruiz/json/n20m4-66.json,631,627,611
./instances/ruiz/json/n20m4-67.json,978,939,1051
./instances/ruiz/json/n20m4-68.json,811,798,812
./instances/ruiz/json/n20m4-69.json,592,582,582
./instances/ruiz/json/n20m4-70.json,454,459,456
./instances/ruiz/json/n20m4-71.json,1471,1541,1581
./instances/ruiz/json/n20m4-72.json,878,877,871
./instances/ruiz/json/n20m4-73.json,1770,1719,1798
./instances/ruiz/json/n20m4-74.json,1003,1006,976
./instances/ruiz/json/n20m4-75.json,943,943,948
./instances/ruiz/json/n20m4-76.json,659,635,635
./instances/ruiz/json/n20m4-77.json,421,421,421
./instances/ruiz/json/n20m4-78.json,368,368,370
./instances/ruiz/json/n20m4-79.json,637,618,628
./instances/ruiz/json/n20m4-80.json,635,639,630
./instances/ruiz/json/n20m8-01.json,962,961,956
./instances/ruiz/json/n20m8-02.json,925,920,928
./instances/ruiz/json/n20m8-03.json,822,831,827
./instances/ruiz/json/n20m8-04.json,816,817,817
./instances/ruiz/json/n20m8-05.json,918,917,917
./instances/ruiz/json/n20m8-06.json,572,569,544
./instances/ruiz/json/n20m8-07.json,588,585,588
./instances/ruiz/json/n20m8-08.json,563,580,583
./instances/ruiz/json/n20m8-09.json,581,577,576
./instances/ruiz/json/n20m8-10.json,339,340,339
./instances/ruiz/json/n20m8-11.json,1004,992,1001
./instances/ruiz/json/n20m8-12.json,1113,1114,1110
./instances/ruiz/json/n20m8-13.json,1068,1057,1061
./instances/ruiz/json/n20m8-14.json,958,963,941
./instances/ruiz/json/n20m8-15.json,1148,1120,1134
./instances/ruiz/json/n20m8-16.json,604,584,602
./instances/ruiz/json/n20m8-17.json,483,480,486
./instances/ruiz/json/n20m8-18.json,744,767,748
./instances/ruiz/json/n20m8-19.json,649,630,628
./instances/ruiz/json/n20m8-20.json,661,687,679
./instances/ruiz/json/n20m8-21.json,1218,1242,1251
./instances/ruiz/json/n20m8-22.json,1368,1388,1352
./instances/ruiz/json/n20m8-23.json,1354,1355,1369
./instances/ruiz/json/n20m8-24.json,1463,1444,1469
./instances/ruiz/json/n20m8-25.json,1369,1353,1400
./instances/ruiz/json/n20m8-26.json,465,524,463
./instances/ruiz/json/n20m8-27.json,968,965,958
./instances/ruiz/json/n20m8-28.json,892,893,907
./instances/ruiz/json/n20m8-29.json,941,955,964
./instances/ruiz/json/n20m8-30.json,675,676,670
./instances/ruiz/json/n20m8-31.json,1594,1591,1586
./instances/ruiz/json/n20m8-32.json,1357,1359,1378
./instances/ruiz/json/n20m8-33.json,1359,1377,1356
./instances/ruiz/json/n20m8-34.json,1519,1496,1500
./instances/ruiz/json/n20m8-35.json,1408,1429,1430
./instances/ruiz/json/n20m8-36.json,964,1012,936
./instances/ruiz/json/n20m8-37.json,1017,1027,1012
./instances/ruiz/json/n20m8-38.json,478,485,485
./instances/ruiz/json/n20m8-39.json,859,811,795
./instances/ruiz/json/n20m8-40.json,741,803,801
./instances/ruiz/json/n20m8-41.json,1128,1104,1122
./instances/ruiz/json/n20m8-42.json,1329,1319,1319
./instances/ruiz/json/n20m8-43.json,1231,1218,1209
./instances/ruiz/json/n20m8-44.json,1385,1390,1392
./instances/ruiz/json/n20m8-45.json,1127,1139,1109
./instances/ruiz/json/n20m8-46.json,611,613,611
./instances/ruiz/json/n20m8-47.json,655,646,642
./instances/ruiz/json/n20m8-48.json,416,416,416
./instances/ruiz/json/n20m8-49.json,435,447,435
./instances/ruiz/json/n20m8-50.json,542,541,537
./instances/ruiz/json/n20m8-51.json,1493,1502,1493
./instances/ruiz/json/n20m8-52.json,870,881,839
./instances/ruiz/json/n20m8-53.json,1590,1583,1604
./instances/ruiz/json/n20m8-54.json,1326,1345,1352
./instances/ruiz/json/n20m8-55.json,1201,1148,1084
./instances/ruiz/json/n20m8-56.json,463,421,415
./instances/ruiz/json/n20m8-57.json,313,310,313
./instances/ruiz/json/n20m8-58.json,658,660,660
./instances/ruiz/json/n20m8-59.json,640,640,640
./instances/ruiz/json/n20m8-60.json,812,816,818
./instances/ruiz/json/n20m8-61.json,1264,1256,1257
./instances/ruiz/json/n20m8-62.json,1569,1654,1610
./instances/ruiz/json/n20m8-63.json,1456,1493,1503
./instances/ruiz/json/n20m8-64.json,2095,2047,2027
./instances/ruiz/json/n20m8-65.json,1486,1484,1508
./instances/ruiz/json/n20m8-66.json,543,601,590
./instances/ruiz/json/n20m8-67.json,755,762,728
./instances/ruiz/json/n20m8-68.json,750,767,779
./instances/ruiz/json/n20m8-69.json,814,822,833
./instances/ruiz/json/n20m8-70.json,1428,1403,1400
./instances/ruiz/json/n20m8-71.json,1699,1717,1680
./instances/ruiz/json/n20m8-72.json,1435,1426,1421
./instances/ruiz/json/n20m8-73.json,2043,2022,2023
./instances/ruiz/json/n20m8-74.json,1515,1527,1517
./instances/ruiz/json/n20m8-75.json,1728,1734,1846
./instances/ruiz/json/n20m8-76.json,1125,1145,1092
./instances/ruiz/json/n20m8-77.json,763,810,755
./instances/ruiz/json/n20m8-78.json,756,761,743
./instances/ruiz/json/n20m8-79.json,568,568,568
./instances/ruiz/json/n20m8-80.json,1350,1364,1367
./instances/ruiz/json/n50m2-01.json,1162,1172,1162
./instances/ruiz/json/n50m2-02.json,1245,1239,1254
./instances/ruiz/json/n50m2-03.json,1263,1280,1274
./instances/ruiz/json/n50m2-04.json,1258,1261,1265
./instances/ruiz/json/n50m2-05.json,1192,1194,1178
./instances/ruiz/json/n50m2-06.json,833,819,810
./instances/ruiz/json/n50m2-07.json,1157,1147,1148
./instances/ruiz/json/n50m2-08.json,770,767,761
./instances/ruiz/json/n50m2-09.json,873,878,878
./instances/ruiz/json/n50m2-10.json,625,625,624
./instances/ruiz/json/n50m2-11.json,1413,1436,1429
./instances/ruiz/json/n50m2-12.json,1472,1466,1455
./instances/ruiz/json/n50m2-13.json,1403,1422,1380
./instances/ruiz/json/n50m2-14.json,1348,1355,1366
./instances/ruiz/json/n50m2-15.json,1256,1246,1253
./instances/ruiz/json/n50m2-16.json,862,864,877
./instances/ruiz/json/n50m2-17.json,466,471,472
./instances/ruiz/json/n50m2-18.json,743,737,740
./instances/ruiz/json/n50m2-19.json,799,794,779
./instances/ruiz/json/n50m2-20.json,821,818,835
./instances/ruiz/json/n50m2-21.json,1540,1510,1560
./instances/ruiz/json/n50m2-22.json,1636,1661,1622
./instances/ruiz/json/n50m2-23.json,1689,1725,1731
./instances/ruiz/json/n50m2-24.json,1569,1562,1620
./instances/ruiz/json/n50m2-25.json,1531,1507,1488
./instances/ruiz/json/n50m2-26.json,935,938,914
./instances/ruiz/json/n50m2-27.json,967,909,926
./instances/ruiz/json/n50m2-28.json,883,865,857
./instances/ruiz/json/n50m2-29.json,1029,1024,1060
./instances/ruiz/json/n50m2-30.json,890,882,867
./instances/ruiz/json/n50m2-31.json,1890,1843,1898
./instances/ruiz/json/n50m2-32.json,1746,1739,1698
./instances/ruiz/json/n50m2-33.json,1658,1651,1624
./instances/ruiz/json/n50m2-34.json,1752,1710,1737
./instances/ruiz/json/n50m2-35.json,1881,1903,1889
./instances/ruiz/json/n50m2-36.json,1013,1045,988
./instances/ruiz/json/n50m2-37.json,1100,1058,1118
./instances/ruiz/json/n50m2-38.json,947,956,992
./instances/ruiz/json/n50m2-39.json,979,1030,972
./instances/ruiz/json/n50m2-40.json,930,906,901
./instances/ruiz/json/n50m2-41.json,1445,1440,1438
./instances/ruiz/json/n50m2-42.json,874,875,876
./instances/ruiz/json/n50m2-43.json,2463,2464,2436
./instances/ruiz/json/n50m2-44.json,1129,1116,1127
./instances/ruiz/json/n50m2-45.json,1071,1085,1070
./instances/ruiz/json/n50m2-46.json,380,373,375
./instances/ruiz/json/n50m2-47.json,513,506,509
./instances/ruiz/json/n50m2-48.json,1644,1655,1649
./instances/ruiz/json/n50m2-49.json,563,556,555
./instances/ruiz/json/n50m2-50.json,657,654,659
./instances/ruiz/json/n50m2-51.json,645,649,653
./instances/ruiz/json/n50m2-52.json,2252,2229,2208
./instances/ruiz/json/n50m2-53.json,904,912,893
./instances/ruiz/json/n50m2-54.json,902,908,886
./instances/ruiz/json/n50m2-55.json,2239,2219,2213
./instances/ruiz/json/n50m2-56.json,890,911,897
./instances/ruiz/json/n50m2-57.json,1006,1000,1025
./instances/ruiz/json/n50m2-58.json,1717,1728,1705
./instances/ruiz/json/n50m2-59.json,1508,1551,1575
./instances/ruiz/json/n50m2-60.json,514,505,525
./instances/ruiz/json/n50m2-61.json,1385,1404,1352
./instances/ruiz/json/n50m2-62.json,3213,3157,3139
./instances/ruiz/json/n50m2-63.json,1150,1096,1092
./instances/ruiz/json/n50m2-64.json,3310,3352,3279
./instances/ruiz/json/n50m2-65.json,3212,3156,3143
./instances/ruiz/json/n50m2-66.json,1555,1554,1559
./instances/ruiz/json/n50m2-67.json,1139,1136,1089
./instances/ruiz/json/n50m2-68.json,870,879,886
./instances/ruiz/json/n50m2-69.json,793,796,769
./instances/ruiz/json/n50m2-70.json,2015,2038,2028
./instances/ruiz/json/n50m2-71.json,827,801,808
./instances/ruiz/json/n50m2-72.json,1620,1610,1582
./instances/ruiz/json/n50m2-73.json,1102,1077,1049
./instances/ruiz/json/n50m2-74.json,889,877,881
./instances/ruiz/json/n50m2-75.json,1852,1838,1784
./instances/ruiz/json/n50m2-76.json,1727,1744,1771
./instances/ruiz/json/n50m2-77.json,1023,1065,1008
./instances/ruiz/json/n50m2-78.json,2592,2573,2551
./instances/ruiz/json/n50m2-79.json,822,906,921
./instances/ruiz/json/n50m2-80.json,886,890,873
./instances/ruiz/json/n50m4-01.json,1423,1422,1413
./instances/ruiz/json/n50m4-02.json,1326,1327,1341
./instances/ruiz/json/n50m4-03.json,1439,1430,1415
./instances/ruiz/json/n50m4-04.json,1467,1464,1460
./instances/ruiz/json/n50m4-05.json,1381,1366,1376
./instances/ruiz/json/n50m4-06.json,910,900,899
./instances/ruiz/json/n50m4-07.json,945,936,939
./instances/ruiz/json/n50m4-08.json,881,880,872
./instances/ruiz/json/n50m4-09.json,818,833,832
./instances/ruiz/json/n50m4-10.json,938,951,953
./instances/ruiz/json/n50m4-11.json,1572,1562,1571
./instances/ruiz/json/n50m4-12.json,1683,1699,1660
./instances/ruiz/json/n50m4-13.json,1794,1799,1781
./instances/ruiz/json/n50m4-14.json,1677,1691,1691
./instances/ruiz/json/n50m4-15.json,1508,1509,1520
./instances/ruiz/json/n50m4-16.json,877,893,885
./instances/ruiz/json/n50m4-17.json,964,983,936
./instances/ruiz/json/n50m4-18.json,1088,1120,1105
./instances/ruiz/json/n50m4-19.json,901,900,932
./instances/ruiz/json/n50m4-20.json,791,752,798
./instances/ruiz/json/n50m4-21.json,2008,2060,2067
./instances/ruiz/json/n50m4-22.json,2024,2026,2054
./instances/ruiz/json/n50m4-23.json,2045,2077,1968
./instances/ruiz/json/n50m4-24.json,2006,1945,1886
./instances/ruiz/json/n50m4-25.json,1888,1928,1918
./instances/ruiz/json/n50m4-26.json,1062,1108,1040
./instances/ruiz/json/n50m4-27.json,1125,1083,1116
./instances/ruiz/json/n50m4-28.json,1221,1198,1211
./instances/ruiz/json/n50m4-29.json,1210,1202,1223
./instances/ruiz/json/n50m4-30.json,1086,1094,1126
./instances/ruiz/json/n50m4-31.json,2021,2019,2067
./instances/ruiz/json/n50m4-32.json,2200,2257,2165
./instances/ruiz/json/n50m4-33.json,2132,2229,2169
./instances/ruiz/json/n50m4-34.json,2196,2258,2234
./instances/ruiz/json/n50m4-35.json,2008,2057,2073
./instances/ruiz/json/n50m4-36.json,1442,1414,1470
./instances/ruiz/json/n50m4-37.json,1172,1160,1113
./instances/ruiz/json/n50m4-38.json,1398,1432,1428
./instances/ruiz/json/n50m4-39.json,1124,1106,1188
./instances/ruiz/json/n50m4-40.json,1214,1259,1260
./instances/ruiz/json/n50m4-41.json,2405,2376,2382
./instances/ruiz/json/n50m4-42.json,2296,2302,2288
./instances/ruiz/json/n50m4-43.json,2497,2485,2490
./instances/ruiz/json/n50m4-44.json,2035,2039,2019
./instances/ruiz/json/n50m4-45.json,1128,1135,1126
./instances/ruiz/json/n50m4-46.json,1172,1180,1168
./instances/ruiz/json/n50m4-47.json,1642,1648,1641
./instances/ruiz/json/n50m4-48.json,722,727,724
./instances/ruiz/json/n50m4-49.json,1471,1449,1412
./instances/ruiz/json/n50m4-50.json,724,735,733
./instances/ruiz/json/n50m4-51.json,2441,2447,2466
./instances/ruiz/json/n50m4-52.json,3311,3273,3280
./instances/ruiz/json/n50m4-53.json,2717,2710,2694
./instances/ruiz/json/n50m4-54.json,1675,1642,1657
./instances/ruiz/json/n50m4-55.json,1385,1379,1407
./instances/ruiz/json/n50m4-56.json,1053,1052,1044
./instances/ruiz/json/n50m4-57.json,788,769,799
./instances/ruiz/json/n50m4-58.json,667,696,666
./instances/ruiz/json/n50m4-59.json,756,765,756
./instances/ruiz/json/n50m4-60.json,717,741,736
./instances/ruiz/json/n50m4-61.json,1830,1804,1786
./instances/ruiz/json/n50m4-62.json,2341,2365,2351
./instances/ruiz/json/n50m4-63.json,2801,2809,2680
./instances/ruiz/json/n50m4-64.json,1802,1880,1812
./instances/ruiz/json/n50m4-65.json,2477,2675,2553
./instances/ruiz/json/n50m4-66.json,2247,2244,2271
./instances/ruiz/json/n50m4-67.json,558,605,596
./instances/ruiz/json/n50m4-68.json,893,879,860
./instances/ruiz/json/n50m4-69.json,845,844,831
./instances/ruiz/json/n50m4-70.json,865,868,855
./instances/ruiz/json/n50m4-71.json,3514,3552,3564
./instances/ruiz/json/n50m4-72.json,2135,2211,2245
./instances/ruiz/json/n50m4-73.json,3695,3655,3602
./instances/ruiz/json/n50m4-74.json,1881,1930,1821
./instances/ruiz/json/n50m4-75.json,2407,2367,2408
./instances/ruiz/json/n50m4-76.json,1526,1542,1590
./instances/ruiz/json/n50m4-77.json,958,982,991
./instances/ruiz/json/n50m4-78.json,1848,1822,1686
./instances/ruiz/json/n50m4-79.json,1719,1664,1735
./instances/ruiz/json/n50m4-80.json,1428,1429,1397
./instances/ruiz/json/n50m8-01.json,1672,1675,1633
./instances/ruiz/json/n50m8-02.json,1906,1871,1857
./instances/ruiz/json/n50m8-03.json,1758,1761,1742
./instances/ruiz/json/n50m8-04.json,1837,1815,1832
./instances/ruiz/json/n50m8-05.json,1831,1839,1840
./instances/ruiz/json/n50m8-06.json,985,1039,980
./instances/ruiz/json/n50m8-07.json,1094,1042,1047
./instances/ruiz/json/n50m8-08.json,990,1011,1008
./instances/ruiz/json/n50m8-09.json,1110,1116,1101
./instances/ruiz/json/n50m8-10.json,1002,1009,1016
./instances/ruiz/json/n50m8-11.json,1953,1934,1924
./instances/ruiz/json/n50m8-12.json,1950,1955,1932
./instances/ruiz/json/n50m8-13.json,1904,1898,1889
./instances/ruiz/json/n50m8-14.json,2052,2009,2024
./instances/ruiz/json/n50m8-15.json,2159,2165,2130
./instances/ruiz/json/n50m8-16.json,936,954,952
./instances/ruiz/json/n50m8-17.json,1123,1159,1139
./instances/ruiz/json/n50m8-18.json,1143,1086,1121
./instances/ruiz/json/n50m8-19.json,1165,1174,1195
./instances/ruiz/json/n50m8-20.json,1050,974,1011
./instances/ruiz/json/n50m8-21.json,2602,2580,2614
./instances/ruiz/json/n50m8-22.json,2361,2341,2307
./instances/ruiz/json/n50m8-23.json,2685,2792,2757
./instances/ruiz/json/n50m8-24.json,2463,2530,2545
./instances/ruiz/json/n50m8-25.json,2359,2392,2336
./instances/ruiz/json/n50m8-26.json,1323,1301,1320
./instances/ruiz/json/n50m8-27.json,1575,1523,1473
./instances/ruiz/json/n50m8-28.json,1740,1755,1816
./instances/ruiz/json/n50m8-29.json,1367,1457,1452
./instances/ruiz/json/n50m8-30.json,1463,1562,1536
./instances/ruiz/json/n50m8-31.json,2765,2794,2834
./instances/ruiz/json/n50m8-32.json,2765,2756,2810
./instances/ruiz/json/n50m8-33.json,2752,2750,2778
./instances/ruiz/json/n50m8-34.json,3008,3012,3000
./instances/ruiz/json/n50m8-35.json,2860,2837,2789
./instances/ruiz/json/n50m8-36.json,1636,1602,1662
./instances/ruiz/json/n50m8-37.json,1851,1897,1899
./instances/ruiz/json/n50m8-38.json,1677,1588,1570
./instances/ruiz/json/n50m8-39.json,1739,1805,1794
./instances/ruiz/json/n50m8-40.json,1745,1866,1750
./instances/ruiz/json/n50m8-41.json,3079,3056,3070
./instances/ruiz/json/n50m8-42.json,2202,2198,2229
./instances/ruiz/json/n50m8-43.json,1665,1681,1676
./instances/ruiz/json/n50m8-44.json,2712,2651,2712
./instances/ruiz/json/n50m8-45.json,2824,2854,2865
./instances/ruiz/json/n50m8-46.json,805,782,802
./instances/ruiz/json/n50m8-47.json,872,858,822
./instances/ruiz/json/n50m8-48.json,1025,1040,1037
./instances/ruiz/json/n50m8-49.json,1996,1992,1985
./instances/ruiz/json/n50m8-50.json,1497,1454,1466
./instances/ruiz/json/n50m8-51.json,2926,2972,2954
./instances/ruiz/json/n50m8-52.json,2726,2731,2763
./instances/ruiz/json/n50m8-53.json,3144,3158,3120
./instances/ruiz/json/n50m8-54.json,2737,2696,2703
./instances/ruiz/json/n50m8-55.json,3089,3136,3052
./instances/ruiz/json/n50m8-56.json,963,1008,943
./instances/ruiz/json/n50m8-57.json,2044,2004,2021
./instances/ruiz/json/n50m8-58.json,1535,1502,1511
./instances/ruiz/json/n50m8-59.json,813,793,789
./instances/ruiz/json/n50m8-60.json,1202,1145,1182
./instances/ruiz/json/n50m8-61.json,4176,4161,4078
./instances/ruiz/json/n50m8-62.json,4220,4242,4180
./instances/ruiz/json/n50m8-63.json,4325,4266,4342
./instances/ruiz/json/n50m8-64.json,3644,3607,3580
./instances/ruiz/json/n50m8-65.json,3155,2892,3025
./instances/ruiz/json/n50m8-66.json,1604,1572,1531
./instances/ruiz/json/n50m8-67.json,2292,2233,2296
./instances/ruiz/json/n50m8-68.json,914,897,915
./instances/ruiz/json/n50m8-69.json,1189,1193,1174
./instances/ruiz/json/n50m8-70.json,1598,1704,1644
./instances/ruiz/json/n50m8-71.json,4322,4452,4367
./instances/ruiz/json/n50m8-72.json,4862,4901,5024
./instances/ruiz/json/n50m8-73.json,2568,2594,2596
./instances/ruiz/json/n50m8-74.json,5013,4924,4929
./instances/ruiz/json/n50m8-75.json,4178,4083,4072
./instances/ruiz/json/n50m8-76.json,1594,1686,1661
./instances/ruiz/json/n50m8-77.json,1547,1613,1576
./instances/ruiz/json/n50m8-78.json,1263,1268,1313
./instances/ruiz/json/n50m8-79.json,2483,2536,2599
./instances/ruiz/json/n50m8-80.json,2586,2761,2633
./instances/ruiz/json/n80m2-01.json,1951,1955,1971
./instances/ruiz/json/n80m2-02.json,1967,1957,1957
./instances/ruiz/json/n80m2-03.json,2029,2014,2028
./instances/ruiz/json/n80m2-04.json,2112,2110,2099
./instances/ruiz/json/n80m2-05.json,2164,2163,2158
./instances/ruiz/json/n80m2-06.json,1360,1352,1358
./instances/ruiz/json/n80m2-07.json,1422,1426,1430
./instances/ruiz/json/n80m2-08.json,1181,1202,1194
./instances/ruiz/json/n80m2-09.json,1268,1258,1262
./instances/ruiz/json/n80m2-10.json,1293,1288,1293
./instances/ruiz/json/n80m2-11.json,2430,2467,2461
./instances/ruiz/json/n80m2-12.json,2325,2335,2351
./instances/ruiz/json/n80m2-13.json,2499,2458,2480
./instances/ruiz/json/n80m2-14.json,2373,2370,2379
./instances/ruiz/json/n80m2-15.json,2335,2329,2350
./instances/ruiz/json/n80m2-16.json,1569,1581,1592
./instances/ruiz/json/n80m2-17.json,1199,1195,1185
./instances/ruiz/json/n80m2-18.json,1431,1408,1424
./instances/ruiz/json/n80m2-19.json,1416,1387,1400
./instances/ruiz/json/n80m2-20.json,1406,1387,1392
./instances/ruiz/json/n80m2-21.json,2630,2631,2602
./instances/ruiz/json/n80m2-22.json,2241,2247,2182
./instances/ruiz/json/n80m2-23.json,2602,2604,2583
./instances/ruiz/json/n80m2-24.json,2921,2930,2877
./instances/ruiz/json/n80m2-25.json,2320,2355,2354
./instances/ruiz/json/n80m2-26.json,1748,1737,1731
./instances/ruiz/json/n80m2-27.json,1402,1364,1418
./instances/ruiz/json/n80m2-28.json,1604,1596,1538
./instances/ruiz/json/n80m2-29.json,1790,1738,1783
./instances/ruiz/json/n80m2-30.json,1482,1418,1455
./instances/ruiz/json/n80m2-31.json,2598,2623,2585
./instances/ruiz/json/n80m2-32.json,2838,2814,2834
./instances/ruiz/json/n80m2-33.json,2658,2635,2669
./instances/ruiz/json/n80m2-34.json,2860,2847,2870
./instances/ruiz/json/n80m2-35.json,2607,2688,2616
./instances/ruiz/json/n80m2-36.json,1476,1447,1471
./instances/ruiz/json/n80m2-37.json,1731,1720,1701
./instances/ruiz/json/n80m2-38.json,1938,1913,1881
./instances/ruiz/json/n80m2-39.json,1466,1474,1494
./instances/ruiz/json/n80m2-40.json,1543,1571,1525
./instances/ruiz/json/n80m2-41.json,1755,1749,1747
./instances/ruiz/json/n80m2-42.json,2985,2975,2971
./instances/ruiz/json/n80m2-43.json,1845,1819,1845
./instances/ruiz/json/n80m2-44.json,1087,1087,1091
./instances/ruiz/json/n80m2-45.json,1823,1841,1830
./instances/ruiz/json/n80m2-46.json,1037,1031,1034
./instances/ruiz/json/n80m2-47.json,736,747,746
./instances/ruiz/json/n80m2-48.json,1949,1946,1942
./instances/ruiz/json/n80m2-49.json,2743,2734,2729
./instances/ruiz/json/n80m2-50.json,1286,1282,1276
./instances/ruiz/json/n80m2-51.json,1788,1772,1766
./instances/ruiz/json/n80m2-52.json,1924,1926,1966
./instances/ruiz/json/n80m2-53.json,1127,1138,1132
./instances/ruiz/json/n80m2-54.json,1454,1453,1443
./instances/ruiz/json/n80m2-55.json,3337,3317,3274
./instances/ruiz/json/n80m2-56.json,3311,3306,3289
./instances/ruiz/json/n80m2-57.json,925,925,935
./instances/ruiz/json/n80m2-58.json,1118,1105,1112
./instances/ruiz/json/n80m2-59.json,782,794,803
./instances/ruiz/json/n80m2-60.json,1671,1652,1638
./instances/ruiz/json/n80m2-61.json,2888,2875,2871
./instances/ruiz/json/n80m2-62.json,2408,2410,2348
./instances/ruiz/json/n80m2-63.json,3779,3768,3746
./instances/ruiz/json/n80m2-64.json,1606,1630,1614
./instances/ruiz/json/n80m2-65.json,1802,1766,1801
./instances/ruiz/json/n80m2-66.json,2720,2852,2776
./instances/ruiz/json/n80m2-67.json,916,911,908
./instances/ruiz/json/n80m2-68.json,1295,1272,1276
./instances/ruiz/json/n80m2-69.json,1142,1142,1134
./instances/ruiz/json/n80m2-70.json,1675,1670,1639
./instances/ruiz/json/n80m2-71.json,3854,3915,3892
./instances/ruiz/json/n80m2-72.json,3944,3968,3886
./instances/ruiz/json/n80m2-73.json,1801,1762,1730
./instances/ruiz/json/n80m2-74.json,2480,2437,2457
./instances/ruiz/json/n80m2-75.json,3645,3663,3606
./instances/ruiz/json/n80m2-76.json,1557,1601,1600
./instances/ruiz/json/n80m2-77.json,1169,1197,1186
./instances/ruiz/json/n80m2-78.json,3036,3067,3092
./instances/ruiz/json/n80m2-79.json,928,932,921
./instances/ruiz/json/n80m2-80.json,1846,1864,1871
./instances/ruiz/json/n80m4-01.json,2153,2174,2186
./instances/ruiz/json/n80m4-02.json,2224,2219,2232
./instances/ruiz/json/n80m4-03.json,2264,2268,2268
./instances/ruiz/json/n80m4-04.json,2556,2525,2538
./instances/ruiz/json/n80m4-05.json,2193,2167,2169
./instances/ruiz/json/n80m4-06.json,1444,1421,1451
./instances/ruiz/json/n80m4-07.json,1169,1167,1179
./instances/ruiz/json/n80m4-08.json,1180,1172,1178
./instances/ruiz/json/n80m4-09.json,1473,1473,1469
./instances/ruiz/json/n80m4-10.json,1262,1283,1278
./instances/ruiz/json/n80m4-11.json,2365,2381,2365
./instances/ruiz/json/n80m4-12.json,2191,2157,2180
./instances/ruiz/json/n80m4-13.json,2498,2499,2475
./instances/ruiz/json/n80m4-14.json,2394,2335,2340
./instances/ruiz/json/n80m4-15.json,2605,2618,2603
./instances/ruiz/json/n80m4-16.json,1474,1521,1524
./instances/ruiz/json/n80m4-17.json,1579,1561,1560
./instances/ruiz/json/n80m4-18.json,1468,1469,1469
./instances/ruiz/json/n80m4-19.json,1340,1358,1347
./instances/ruiz/json/n80m4-20.json,1744,1780,1766
./instances/ruiz/json/n80m4-21.json,2824,2798,2758
./instances/ruiz/json/n80m4-22.json,3053,3040,2956
./instances/ruiz/json/n80m4-23.json,3130,3077,3126
./instances/ruiz/json/n80m4-24.json,2845,2836,2912
./instances/ruiz/json/n80m4-25.json,2939,2911,3027
./instances/ruiz/json/n80m4-26.json,1733,1728,1743
./instances/ruiz/json/n80m4-27.json,1673,1657,1667
./instances/ruiz/json/n80m4-28.json,1791,1811,1778
./instances/ruiz/json/n80m4-29.json,1693,1693,1760
./instances/ruiz/json/n80m4-30.json,1701,1689,1671
./instances/ruiz/json/n80m4-31.json,3158,3220,3221
./instances/ruiz/json/n80m4-32.json,3522,3524,3485
./instances/ruiz/json/n80m4-33.json,3544,3560,3581
./instances/ruiz/json/n80m4-34.json,3463,3511,3533
./instances/ruiz/json/n80m4-35.json,3375,3462,3359
./instances/ruiz/json/n80m4-36.json,2240,2174,2105
./instances/ruiz/json/n80m4-37.json,1639,1592,1588
./instances/ruiz/json/n80m4-38.json,1785,1808,1816
./instances/ruiz/json/n80m4-39.json,2127,2138,2195
./instances/ruiz/json/n80m4-40.json,1715,1730,1802
./instances/ruiz/json/n80m4-41.json,3894,3897,3885
./instances/ruiz/json/n80m4-42.json,2115,2106,2095
./instances/ruiz/json/n80m4-43.json,3768,3793,3780
./instances/ruiz/json/n80m4-44.json,2014,2009,2000
./instances/ruiz/json/n80m4-45.json,3262,3240,3237
./instances/ruiz/json/n80m4-46.json,2665,2614,2655
./instances/ruiz/json/n80m4-47.json,1639,1644,1631
./instances/ruiz/json/n80m4-48.json,839,809,819
./instances/ruiz/json/n80m4-49.json,2546,2547,2544
./instances/ruiz/json/n80m4-50.json,1528,1506,1527
./instances/ruiz/json/n80m4-51.json,2134,2117,2060
./instances/ruiz/json/n80m4-52.json,4426,4416,4409
./instances/ruiz/json/n80m4-53.json,2411,2426,2391
./instances/ruiz/json/n80m4-54.json,2133,2111,2097
./instances/ruiz/json/n80m4-55.json,2305,2279,2291
./instances/ruiz/json/n80m4-56.json,1539,1519,1527
./instances/ruiz/json/n80m4-57.json,1028,1008,1010
./instances/ruiz/json/n80m4-58.json,1343,1311,1306
./instances/ruiz/json/n80m4-59.json,2316,2327,2322
./instances/ruiz/json/n80m4-60.json,2239,2220,2255
./instances/ruiz/json/n80m4-61.json,3400,3389,3392
./instances/ruiz/json/n80m4-62.json,5416,5392,5362
./instances/ruiz/json/n80m4-63.json,3648,3660,3541
./instances/ruiz/json/n80m4-64.json,5618,5407,5549
./instances/ruiz/json/n80m4-65.json,6391,6319,6292
./instances/ruiz/json/n80m4-66.json,1562,1521,1568
./instances/ruiz/json/n80m4-67.json,1441,1414,1430
./instances/ruiz/json/n80m4-68.json,1796,1776,1787
./instances/ruiz/json/n80m4-69.json,1217,1193,1181
./instances/ruiz/json/n80m4-70.json,2335,2338,2377
./instances/ruiz/json/n80m4-71.json,4667,4764,4575
./instances/ruiz/json/n80m4-72.json,2006,1974,1978
./instances/ruiz/json/n80m4-73.json,3215,3172,3166
./instances/ruiz/json/n80m4-74.json,2527,2520,2500
./instances/ruiz/json/n80m4-75.json,5619,5717,5752
./instances/ruiz/json/n80m4-76.json,2156,2084,1939
./instances/ruiz/json/n80m4-77.json,1539,1557,1487
./instances/ruiz/json/n80m4-78.json,1342,1351,1375
./instances/ruiz/json/n80m4-79.json,3477,3390,3409
./instances/ruiz/json/n80m4-80.json,2269,2278,2266
./instances/ruiz/json/n80m8-1.json,2644,2608,2627
./instances/ruiz/json/n80m8-2.json,2400,2417,2435
./instances/ruiz/json/n80m8-3.json,2406,2424,2389
./instances/ruiz/json/n80m8-4.json,2317,2244,2282
./instances/ruiz/json/n80m8-5.json,2487,2473,2497
./instances/ruiz/json/n80m8-6.json,1610,1614,1650
./instances/ruiz/json/n80m8-7.json,1672,1653,1660
./instances/ruiz/json/n80m8-8.json,1545,1606,1565
./instances/ruiz/json/n80m8-9.json,1581,1607,1591
./instances/ruiz/json/n80m8-01.json,2618,2615,2591
./instances/ruiz/json/n80m8-02.json,2449,2424,2431
./instances/ruiz/json/n80m8-03.json,2411,2424,2409
./instances/ruiz/json/n80m8-04.json,2306,2312,2281
./instances/ruiz/json/n80m8-05.json,2485,2475,2492
./instances/ruiz/json/n80m8-06.json,1630,1637,1636
./instances/ruiz/json/n80m8-07.json,1665,1689,1692
./instances/ruiz/json/n80m8-08.json,1585,1602,1613
./instances/ruiz/json/n80m8-09.json,1620,1586,1597
./instances/ruiz/json/n80m8-10.json,1448,1428,1464
./instances/ruiz/json/n80m8-11.json,4117,3937,4047
./instances/ruiz/json/n80m8-12.json,3813,3757,3784
./instances/ruiz/json/n80m8-13.json,3688,3631,3636
./instances/ruiz/json/n80m8-14.json,4970,4997,5010
./instances/ruiz/json/n80m8-15.json,2332,2310,2300
./instances/ruiz/json/n80m8-16.json,2569,2546,2585
./instances/ruiz/json/n80m8-17.json,1554,1521,1523
./instances/ruiz/json/n80m8-18.json,2997,2998,2993
./instances/ruiz/json/n80m8-19.json,3168,3182,3151
./instances/ruiz/json/n80m8-20.json,2948,2961,2973
./instances/ruiz/json/n80m8-21.json,2946,2994,2928
./instances/ruiz/json/n80m8-22.json,2810,2851,2868
./instances/ruiz/json/n80m8-23.json,2939,2984,2963
./instances/ruiz/json/n80m8-24.json,2825,2851,2856
./instances/ruiz/json/n80m8-25.json,2978,3035,2972
./instances/ruiz/json/n80m8-26.json,1670,1638,1632
./instances/ruiz/json/n80m8-27.json,1684,1677,1618
./instances/ruiz/json/n80m8-28.json,1782,1755,1792
./instances/ruiz/json/n80m8-29.json,2154,2128,2143
./instances/ruiz/json/n80m8-30.json,1638,1621,1568
./instances/ruiz/json/n80m8-31.json,4934,4837,4758
./instances/ruiz/json/n80m8-32.json,4704,4700,4749
./instances/ruiz/json/n80m8-33.json,3446,3401,3442
./instances/ruiz/json/n80m8-34.json,4747,4721,4731
./instances/ruiz/json/n80m8-35.json,4317,4346,4411
./instances/ruiz/json/n80m8-36.json,1378,1408,1406
./instances/ruiz/json/n80m8-37.json,3130,3147,3135
./instances/ruiz/json/n80m8-38.json,1780,1953,1870
./instances/ruiz/json/n80m8-39.json,1929,1891,1943
./instances/ruiz/json/n80m8-40.json,3911,3853,3877
./instances/ruiz/json/n80m8-41.json,3733,3735,3807
./instances/ruiz/json/n80m8-42.json,3753,3816,3733
./instances/ruiz/json/n80m8-43.json,3661,3708,3642
./instances/ruiz/json/n80m8-44.json,3639,3651,3677
./instances/ruiz/json/n80m8-45.json,3794,3794,3787
./instances/ruiz/json/n80m8-46.json,2291,2244,2320
./instances/ruiz/json/n80m8-47.json,2038,2019,1954
./instances/ruiz/json/n80m8-48.json,2412,2389,2425
./instances/ruiz/json/n80m8-49.json,1882,1844,1852
./instances/ruiz/json/n80m8-50.json,2161,2222,2254
./instances/ruiz/json/n80m8-51.json,3613,3552,3587
./instances/ruiz/json/n80m8-52.json,3236,3176,3255
./instances/ruiz/json/n80m8-53.json,4603,4706,4626
./instances/ruiz/json/n80m8-54.json,6953,6895,6872
./instances/ruiz/json/n80m8-55.json,5301,5275,5585
./instances/ruiz/json/n80m8-56.json,1715,1637,1700
./instances/ruiz/json/n80m8-57.json,3941,3849,3788
./instances/ruiz/json/n80m8-58.json,2449,2485,2468
./instances/ruiz/json/n80m8-59.json,1855,1852,1826
./instances/ruiz/json/n80m8-60.json,3258,3121,3012
./instances/ruiz/json/n80m8-61.json,4405,4308,4275
./instances/ruiz/json/n80m8-62.json,4169,4102,4207
./instances/ruiz/json/n80m8-63.json,4371,4315,4359
./instances/ruiz/json/n80m8-64.json,4273,4131,4116
./instances/ruiz/json/n80m8-65.json,4478,4382,4389
./instances/ruiz/json/n80m8-66.json,2199,2199,2176
./instances/ruiz/json/n80m8-67.json,2467,2481,2472
./instances/ruiz/json/n80m8-68.json,2389,2374,2281
./instances/ruiz/json/n80m8-69.json,2307,2348,2281
./instances/ruiz/json/n80m8-70.json,2336,2308,2293
./instances/ruiz/json/n80m8-71.json,7661,7701,7528
./instances/ruiz/json/n80m8-72.json,5703,5622,5639
./instances/ruiz/json/n80m8-73.json,6084,5890,5881
./instances/ruiz/json/n80m8-74.json,5051,5002,4982
./instances/ruiz/json/n80m8-75.json,6601,6623,6592
./instances/ruiz/json/n80m8-76.json,1739,1735,1684
./instances/ruiz/json/n80m8-77.json,2218,2023,2028
./instances/ruiz/json/n80m8-78.json,3650,3519,3424
./instances/ruiz/json/n80m8-79.json,2124,2065,2063
./instances/ruiz/json/n80m8-80.json,2525,2521,2602
./instances/ruiz/json/n120m2-01.json,3184,3171,3182
./instances/ruiz/json/n120m2-02.json,2964,2986,2985
./instances/ruiz/json/n120m2-03.json,3128,3128,3090
./instances/ruiz/json/n120m2-04.json,2961,2959,2943
./instances/ruiz/json/n120m2-05.json,3014,3024,2996
./instances/ruiz/json/n120m2-06.json,1997,1991,1993
./instances/ruiz/json/n120m2-07.json,2238,2243,2236
./instances/ruiz/json/n120m2-08.json,2519,2505,2516
./instances/ruiz/json/n120m2-09.json,2327,2331,2321
./instances/ruiz/json/n120m2-10.json,1972,1981,1979
./instances/ruiz/json/n120m2-11.json,3169,3190,3172
./instances/ruiz/json/n120m2-12.json,3101,3123,3107
./instances/ruiz/json/n120m2-13.json,3535,3508,3497
./instances/ruiz/json/n120m2-14.json,3340,3303,3276
./instances/ruiz/json/n120m2-15.json,3297,3308,3289
./instances/ruiz/json/n120m2-16.json,2337,2328,2326
./instances/ruiz/json/n120m2-17.json,2215,2192,2188
./instances/ruiz/json/n120m2-18.json,2040,2035,2024
./instances/ruiz/json/n120m2-19.json,2030,2030,2002
./instances/ruiz/json/n120m2-20.json,2352,2330,2392
./instances/ruiz/json/n120m2-21.json,3878,3829,3846
./instances/ruiz/json/n120m2-22.json,4013,4011,4018
./instances/ruiz/json/n120m2-23.json,3867,3892,3789
./instances/ruiz/json/n120m2-24.json,4200,4122,4132
./instances/ruiz/json/n120m2-25.json,3901,3880,3868
./instances/ruiz/json/n120m2-26.json,2545,2547,2520
./instances/ruiz/json/n120m2-27.json,2261,2227,2233
./instances/ruiz/json/n120m2-28.json,2366,2380,2337
./instances/ruiz/json/n120m2-29.json,2128,2100,2158
./instances/ruiz/json/n120m2-30.json,2255,2229,2193
./instances/ruiz/json/n120m2-31.json,4300,4253,4264
./instances/ruiz/json/n120m2-32.json,4408,4379,4385
./instances/ruiz/json/n120m2-33.json,4001,3989,3970
./instances/ruiz/json/n120m2-34.json,4032,4051,4033
./instances/ruiz/json/n120m2-35.json,4345,4282,4262
./instances/ruiz/json/n120m2-36.json,2258,2239,2150
./instances/ruiz/json/n120m2-37.json,2631,2634,2635
./instances/ruiz/json/n120m2-38.json,2400,2453,2413
./instances/ruiz/json/n120m2-39.json,2988,2950,2941
./instances/ruiz/json/n120m2-40.json,2580,2553,2556
./instances/ruiz/json/n120m2-41.json,5001,5008,5004
./instances/ruiz/json/n120m2-42.json,5037,5028,5029
./instances/ruiz/json/n120m2-43.json,5892,5878,5875
./instances/ruiz/json/n120m2-44.json,3140,3143,3117
./instances/ruiz/json/n120m2-45.json,2374,2379,2372
./instances/ruiz/json/n120m2-46.json,1912,1911,1911
./instances/ruiz/json/n120m2-47.json,1765,1761,1770
./instances/ruiz/json/n120m2-48.json,3396,3376,3383
./instances/ruiz/json/n120m2-49.json,1550,1551,1553
./instances/ruiz/json/n120m2-50.json,1062,1062,1067
./instances/ruiz/json/n120m2-51.json,3080,3091,3060
./instances/ruiz/json/n120m2-52.json,3438,3450,3451
./instances/ruiz/json/n120m2-53.json,2206,2213,2201
./instances/ruiz/json/n120m2-54.json,2789,2769,2718
./instances/ruiz/json/n120m2-55.json,2202,2207,2190
./instances/ruiz/json/n120m2-56.json,2063,2072,2057
./instances/ruiz/json/n120m2-57.json,1032,1044,1048
./instances/ruiz/json/n120m2-58.json,1462,1460,1443
./instances/ruiz/json/n120m2-59.json,2863,2871,2868
./instances/ruiz/json/n120m2-60.json,3946,3922,3931
./instances/ruiz/json/n120m2-61.json,6583,6551,6548
./instances/ruiz/json/n120m2-62.json,2366,2360,2327
./instances/ruiz/json/n120m2-63.json,2989,2929,3006
./instances/ruiz/json/n120m2-64.json,2476,2469,2434
./instances/ruiz/json/n120m2-65.json,5365,5389,5370
./instances/ruiz/json/n120m2-66.json,1692,1690,1682
./instances/ruiz/json/n120m2-67.json,1235,1231,1220
./instances/ruiz/json/n120m2-68.json,1548,1554,1587
./instances/ruiz/json/n120m2-69.json,2467,2423,2468
./instances/ruiz/json/n120m2-70.json,2408,2453,2407
./instances/ruiz/json/n120m2-71.json,3759,3751,3673
./instances/ruiz/json/n120m2-72.json,3656,3657,3696
./instances/ruiz/json/n120m2-73.json,6073,6070,6021
./instances/ruiz/json/n120m2-74.json,5536,5498,5461
./instances/ruiz/json/n120m2-75.json,5538,5510,5542
./instances/ruiz/json/n120m2-76.json,2283,2319,2303
./instances/ruiz/json/n120m2-77.json,1722,1764,1750
./instances/ruiz/json/n120m2-78.json,2718,2666,2611
./instances/ruiz/json/n120m2-79.json,4200,4141,4197
./instances/ruiz/json/n120m2-80.json,1572,1560,1566
./instances/ruiz/json/n120m4-01.json,3186,3162,3171
./instances/ruiz/json/n120m4-02.json,3162,3145,3160
./instances/ruiz/json/n120m4-03.json,3378,3366,3365
./instances/ruiz/json/n120m4-04.json,3168,3130,3154
./instances/ruiz/json/n120m4-05.json,3131,3163,3154
./instances/ruiz/json/n120m4-06.json,2121,2118,2101
./instances/ruiz/json/n120m4-07.json,2056,2054,2053
./instances/ruiz/json/n120m4-08.json,2119,2127,2124
./instances/ruiz/json/n120m4-09.json,2071,2062,2067
./instances/ruiz/json/n120m4-10.json,1922,1942,1930
./instances/ruiz/json/n120m4-11.json,5613,5591,5575
./instances/ruiz/json/n120m4-12.json,5065,5077,5074
./instances/ruiz/json/n120m4-13.json,5633,5619,5595
./instances/ruiz/json/n120m4-14.json,5549,5625,5606
./instances/ruiz/json/n120m4-15.json,4876,4906,4944
./instances/ruiz/json/n120m4-16.json,2198,2206,2161
./instances/ruiz/json/n120m4-17.json,1829,1813,1830
./instances/ruiz/json/n120m4-18.json,1987,1993,1989
./instances/ruiz/json/n120m4-19.json,1261,1252,1257
./instances/ruiz/json/n120m4-20.json,2471,2474,2482
./instances/ruiz/json/n120m4-21.json,3632,3680,3634
./instances/ruiz/json/n120m4-22.json,3570,3578,3541
./instances/ruiz/json/n120m4-23.json,3828,3782,3798
./instances/ruiz/json/n120m4-24.json,3759,3781,3780
./instances/ruiz/json/n120m4-25.json,3602,3629,3594
./instances/ruiz/json/n120m4-26.json,1760,1763,1772
./instances/ruiz/json/n120m4-27.json,2129,2118,2123
./instances/ruiz/json/n120m4-28.json,2546,2552,2556
./instances/ruiz/json/n120m4-29.json,2263,2273,2282
./instances/ruiz/json/n120m4-30.json,2273,2302,2284
./instances/ruiz/json/n120m4-31.json,2747,2736,2802
./instances/ruiz/json/n120m4-32.json,5610,5690,5593
./instances/ruiz/json/n120m4-33.json,7154,7153,7045
./instances/ruiz/json/n120m4-34.json,2147,2121,2151
./instances/ruiz/json/n120m4-35.json,2652,2674,2710
./instances/ruiz/json/n120m4-36.json,2533,2478,2499
./instances/ruiz/json/n120m4-37.json,1272,1272,1240
./instances/ruiz/json/n120m4-38.json,4335,4399,4363
./instances/ruiz/json/n120m4-39.json,1338,1357,1345
./instances/ruiz/json/n120m4-40.json,2468,2526,2427
./instances/ruiz/json/n120m4-41.json,4543,4591,4523
./instances/ruiz/json/n120m4-42.json,4664,4541,4679
./instances/ruiz/json/n120m4-43.json,4722,4669,4656
./instances/ruiz/json/n120m4-44.json,4597,4580,4594
./instances/ruiz/json/n120m4-45.json,4353,4323,4330
./instances/ruiz/json/n120m4-46.json,2866,2785,2876
./instances/ruiz/json/n120m4-47.json,2693,2650,2626
./instances/ruiz/json/n120m4-48.json,2271,2310,2250
./instances/ruiz/json/n120m4-49.json,2499,2552,2566
./instances/ruiz/json/n120m4-50.json,2334,2414,2326
./instances/ruiz/json/n120m4-51.json,5642,5607,5586
./instances/ruiz/json/n120m4-52.json,3962,3974,4017
./instances/ruiz/json/n120m4-53.json,7276,7198,7198
./instances/ruiz/json/n120m4-54.json,4424,4529,4483
./instances/ruiz/json/n120m4-55.json,5961,5938,5971
./instances/ruiz/json/n120m4-56.json,3117,3222,3174
./instances/ruiz/json/n120m4-57.json,1470,1459,1441
./instances/ruiz/json/n120m4-58.json,5483,5537,5601
./instances/ruiz/json/n120m4-59.json,2168,2167,2106
./instances/ruiz/json/n120m4-60.json,2528,2489,2542
./instances/ruiz/json/n120m4-61.json,5041,5018,5170
./instances/ruiz/json/n120m4-62.json,4659,4666,4624
./instances/ruiz/json/n120m4-63.json,5120,5114,5139
./instances/ruiz/json/n120m4-64.json,4904,4907,4917
./instances/ruiz/json/n120m4-65.json,4988,4978,4994
./instances/ruiz/json/n120m4-66.json,2792,2744,2697
./instances/ruiz/json/n120m4-67.json,2627,2568,2624
./instances/ruiz/json/n120m4-68.json,3167,3151,3202
./instances/ruiz/json/n120m4-69.json,3001,3022,2960
./instances/ruiz/json/n120m4-70.json,3325,3429,3316
./instances/ruiz/json/n120m4-71.json,5109,5044,5076
./instances/ruiz/json/n120m4-72.json,8915,8771,8599
./instances/ruiz/json/n120m4-73.json,8052,8013,7899
./instances/ruiz/json/n120m4-74.json,4371,4367,4394
./instances/ruiz/json/n120m4-75.json,8670,8623,8592
./instances/ruiz/json/n120m4-76.json,3167,3235,3249
./instances/ruiz/json/n120m4-77.json,1955,1814,1867
./instances/ruiz/json/n120m4-78.json,2784,2855,2792
./instances/ruiz/json/n120m4-79.json,6095,5955,5768
./instances/ruiz/json/n120m4-80.json,5355,5414,5385
./instances/ruiz/json/n120m8-01.json,3403,3430,3402
./instances/ruiz/json/n120m8-02.json,3416,3412,3430
./instances/ruiz/json/n120m8-03.json,3583,3572,3587
./instances/ruiz/json/n120m8-04.json,3749,3730,3778
./instances/ruiz/json/n120m8-05.json,3482,3535,3486
./instances/ruiz/json/n120m8-06.json,2377,2329,2356
./instances/ruiz/json/n120m8-07.json,2311,2288,2305
./instances/ruiz/json/n120m8-08.json,2315,2310,2319
./instances/ruiz/json/n120m8-09.json,1842,1908,1873
./instances/ruiz/json/n120m8-10.json,2314,2256,2292
./instances/ruiz/json/n120m8-11.json,5873,5842,5799
./instances/ruiz/json/n120m8-12.json,5860,5865,5820
./instances/ruiz/json/n120m8-13.json,6808,6776,6781
./instances/ruiz/json/n120m8-14.json,3718,3773,3773
./instances/ruiz/json/n120m8-15.json,6308,6330,6366
./instances/ruiz/json/n120m8-16.json,2628,2575,2624
./instances/ruiz/json/n120m8-17.json,4404,4394,4391
./instances/ruiz/json/n120m8-18.json,4076,4047,4050
./instances/ruiz/json/n120m8-19.json,2150,2164,2130
./instances/ruiz/json/n120m8-20.json,2551,2582,2570
./instances/ruiz/json/n120m8-21.json,4283,4292,4302
./instances/ruiz/json/n120m8-22.json,4044,4015,4036
./instances/ruiz/json/n120m8-23.json,4286,4193,4354
./instances/ruiz/json/n120m8-24.json,4197,4196,4179
./instances/ruiz/json/n120m8-25.json,4304,4345,4333
./instances/ruiz/json/n120m8-26.json,2486,2477,2462
./instances/ruiz/json/n120m8-27.json,2360,2400,2368
./instances/ruiz/json/n120m8-28.json,2796,2786,2846
./instances/ruiz/json/n120m8-29.json,2352,2318,2301
./instances/ruiz/json/n120m8-30.json,2796,2766,2703
./instances/ruiz/json/n120m8-31.json,7398,7303,7294
./instances/ruiz/json/n120m8-32.json,6397,6393,6348
./instances/ruiz/json/n120m8-33.json,6418,6391,6353
./instances/ruiz/json/n120m8-34.json,3634,3595,3658
./instances/ruiz/json/n120m8-35.json,6753,6889,6893
./instances/ruiz/json/n120m8-36.json,2311,2312,2288
./instances/ruiz/json/n120m8-37.json,2729,2812,2754
./instances/ruiz/json/n120m8-38.json,4360,4316,4330
./instances/ruiz/json/n120m8-39.json,2998,3008,2938
./instances/ruiz/json/n120m8-40.json,1521,1520,1583
./instances/ruiz/json/n120m8-41.json,5248,5318,5323
./instances/ruiz/json/n120m8-42.json,5370,5379,5417
./instances/ruiz/json/n120m8-43.json,5338,5354,5361
./instances/ruiz/json/n120m8-44.json,5743,5739,5627
./instances/ruiz/json/n120m8-45.json,4929,5008,4900
./instances/ruiz/json/n120m8-46.json,3153,3240,3249
./instances/ruiz/json/n120m8-47.json,3202,3090,3068
./instances/ruiz/json/n120m8-48.json,3115,3101,3083
./instances/ruiz/json/n120m8-49.json,3191,3154,3270
./instances/ruiz/json/n120m8-50.json,3250,3275,3243
./instances/ruiz/json/n120m8-51.json,7438,7530,7543
./instances/ruiz/json/n120m8-52.json,9191,9156,9137
./instances/ruiz/json/n120m8-53.json,8840,9091,8749
./instances/ruiz/json/n120m8-54.json,9716,9919,9909
./instances/ruiz/json/n120m8-55.json,8866,8326,8702
./instances/ruiz/json/n120m8-56.json,4151,3934,4109
./instances/ruiz/json/n120m8-57.json,3704,4020,3680
./instances/ruiz/json/n120m8-58.json,3253,3159,3140
./instances/ruiz/json/n120m8-59.json,2573,2570,2612
./instances/ruiz/json/n120m8-60.json,2827,2826,2849
./instances/ruiz/json/n120m8-61.json,6112,6186,6227
./instances/ruiz/json/n120m8-62.json,5734,5767,5633
./instances/ruiz/json/n120m8-63.json,5731,5750,5568
./instances/ruiz/json/n120m8-64.json,5489,5569,5653
./instances/ruiz/json/n120m8-65.json,6065,5947,6139
./instances/ruiz/json/n120m8-66.json,3289,3195,3197
./instances/ruiz/json/n120m8-67.json,3356,3275,3206
./instances/ruiz/json/n120m8-68.json,3551,3693,3546
./instances/ruiz/json/n120m8-69.json,3683,3632,3535
./instances/ruiz/json/n120m8-70.json,3545,3553,3657
./instances/ruiz/json/n120m8-71.json,10615,10560,10554
./instances/ruiz/json/n120m8-72.json,9619,9491,9587
./instances/ruiz/json/n120m8-73.json,10265,10423,10477
./instances/ruiz/json/n120m8-74.json,5826,5936,5908
./instances/ruiz/json/n120m8-75.json,8282,8173,8126
./instances/ruiz/json/n120m8-76.json,3762,3778,3801
./instances/ruiz/json/n120m8-77.json,2879,2921,2826
./instances/ruiz/json/n120m8-78.json,2324,2433,2370
./instances/ruiz/json/n120m8-79.json,3263,3315,3233
./instances/ruiz/json/n120m8-80.json,5753,5241,5523
