./instances/ruiz/json\n20m2-01.json,612
./instances/ruiz/json\n20m2-02.json,627
./instances/ruiz/json\n20m2-03.json,568
./instances/ruiz/json\n20m2-04.json,522
./instances/ruiz/json\n20m2-05.json,375
./instances/ruiz/json\n20m2-06.json,324
./instances/ruiz/json\n20m2-07.json,460
./instances/ruiz/json\n20m2-08.json,389
./instances/ruiz/json\n20m2-09.json,443
./instances/ruiz/json\n20m2-10.json,342
./instances/ruiz/json\n20m2-11.json,595
./instances/ruiz/json\n20m2-12.json,588
./instances/ruiz/json\n20m2-13.json,565
./instances/ruiz/json\n20m2-14.json,543
./instances/ruiz/json\n20m2-15.json,643
./instances/ruiz/json\n20m2-16.json,398
./instances/ruiz/json\n20m2-17.json,398
./instances/ruiz/json\n20m2-18.json,282
./instances/ruiz/json\n20m2-19.json,306
./instances/ruiz/json\n20m2-20.json,336
./instances/ruiz/json\n20m2-21.json,724
./instances/ruiz/json\n20m2-22.json,497
./instances/ruiz/json\n20m2-23.json,730
./instances/ruiz/json\n20m2-24.json,567
./instances/ruiz/json\n20m2-25.json,632
./instances/ruiz/json\n20m2-26.json,432
./instances/ruiz/json\n20m2-27.json,452
./instances/ruiz/json\n20m2-28.json,425
./instances/ruiz/json\n20m2-29.json,407
./instances/ruiz/json\n20m2-30.json,354
./instances/ruiz/json\n20m2-31.json,710
./instances/ruiz/json\n20m2-32.json,740
./instances/ruiz/json\n20m2-33.json,693
./instances/ruiz/json\n20m2-34.json,760
./instances/ruiz/json\n20m2-35.json,781
./instances/ruiz/json\n20m2-36.json,428
./instances/ruiz/json\n20m2-37.json,564
./instances/ruiz/json\n20m2-38.json,377
./instances/ruiz/json\n20m2-39.json,518
./instances/ruiz/json\n20m2-40.json,443
./instances/ruiz/json\n20m2-41.json,411
./instances/ruiz/json\n20m2-42.json,937
./instances/ruiz/json\n20m2-43.json,419
./instances/ruiz/json\n20m2-44.json,1045
./instances/ruiz/json\n20m2-45.json,503
./instances/ruiz/json\n20m2-46.json,179
./instances/ruiz/json\n20m2-47.json,211
./instances/ruiz/json\n20m2-48.json,193
./instances/ruiz/json\n20m2-49.json,441
./instances/ruiz/json\n20m2-50.json,260
./instances/ruiz/json\n20m2-51.json,934
./instances/ruiz/json\n20m2-52.json,339
./instances/ruiz/json\n20m2-53.json,940
./instances/ruiz/json\n20m2-54.json,878
./instances/ruiz/json\n20m2-55.json,541
./instances/ruiz/json\n20m2-56.json,332
./instances/ruiz/json\n20m2-57.json,657
./instances/ruiz/json\n20m2-58.json,585
./instances/ruiz/json\n20m2-59.json,394
./instances/ruiz/json\n20m2-60.json,832
./instances/ruiz/json\n20m2-61.json,1054
./instances/ruiz/json\n20m2-62.json,580
./instances/ruiz/json\n20m2-63.json,979
./instances/ruiz/json\n20m2-64.json,1317
./instances/ruiz/json\n20m2-65.json,1183
./instances/ruiz/json\n20m2-66.json,765
./instances/ruiz/json\n20m2-67.json,393
./instances/ruiz/json\n20m2-68.json,262
./instances/ruiz/json\n20m2-69.json,343
./instances/ruiz/json\n20m2-70.json,416
./instances/ruiz/json\n20m2-71.json,614
./instances/ruiz/json\n20m2-72.json,1001
./instances/ruiz/json\n20m2-73.json,553
./instances/ruiz/json\n20m2-74.json,627
./instances/ruiz/json\n20m2-75.json,1044
./instances/ruiz/json\n20m2-76.json,273
./instances/ruiz/json\n20m2-77.json,657
./instances/ruiz/json\n20m2-78.json,517
./instances/ruiz/json\n20m2-79.json,608
./instances/ruiz/json\n20m2-80.json,785
./instances/ruiz/json\n20m4-01.json,640
./instances/ruiz/json\n20m4-02.json,692
./instances/ruiz/json\n20m4-03.json,534
./instances/ruiz/json\n20m4-04.json,627
./instances/ruiz/json\n20m4-05.json,621
./instances/ruiz/json\n20m4-06.json,344
./instances/ruiz/json\n20m4-07.json,308
./instances/ruiz/json\n20m4-08.json,409
./instances/ruiz/json\n20m4-09.json,430
./instances/ruiz/json\n20m4-10.json,374
./instances/ruiz/json\n20m4-11.json,684
./instances/ruiz/json\n20m4-12.json,803
./instances/ruiz/json\n20m4-13.json,677
./instances/ruiz/json\n20m4-14.json,760
./instances/ruiz/json\n20m4-15.json,713
./instances/ruiz/json\n20m4-16.json,278
./instances/ruiz/json\n20m4-17.json,412
./instances/ruiz/json\n20m4-18.json,597
./instances/ruiz/json\n20m4-19.json,450
./instances/ruiz/json\n20m4-20.json,469
./instances/ruiz/json\n20m4-21.json,890
./instances/ruiz/json\n20m4-22.json,865
./instances/ruiz/json\n20m4-23.json,862
./instances/ruiz/json\n20m4-24.json,845
./instances/ruiz/json\n20m4-25.json,950
./instances/ruiz/json\n20m4-26.json,657
./instances/ruiz/json\n20m4-27.json,499
./instances/ruiz/json\n20m4-28.json,562
./instances/ruiz/json\n20m4-29.json,620
./instances/ruiz/json\n20m4-30.json,657
./instances/ruiz/json\n20m4-31.json,915
./instances/ruiz/json\n20m4-32.json,968
./instances/ruiz/json\n20m4-33.json,892
./instances/ruiz/json\n20m4-34.json,993
./instances/ruiz/json\n20m4-35.json,1088
./instances/ruiz/json\n20m4-36.json,571
./instances/ruiz/json\n20m4-37.json,560
./instances/ruiz/json\n20m4-38.json,578
./instances/ruiz/json\n20m4-39.json,800
./instances/ruiz/json\n20m4-40.json,596
./instances/ruiz/json\n20m4-41.json,996
./instances/ruiz/json\n20m4-42.json,1036
./instances/ruiz/json\n20m4-43.json,818
./instances/ruiz/json\n20m4-44.json,1008
./instances/ruiz/json\n20m4-45.json,453
./instances/ruiz/json\n20m4-46.json,441
./instances/ruiz/json\n20m4-47.json,229
./instances/ruiz/json\n20m4-48.json,745
./instances/ruiz/json\n20m4-49.json,434
./instances/ruiz/json\n20m4-50.json,446
./instances/ruiz/json\n20m4-51.json,579
./instances/ruiz/json\n20m4-52.json,1182
./instances/ruiz/json\n20m4-53.json,1252
./instances/ruiz/json\n20m4-54.json,649
./instances/ruiz/json\n20m4-55.json,1262
./instances/ruiz/json\n20m4-56.json,278
./instances/ruiz/json\n20m4-57.json,388
./instances/ruiz/json\n20m4-58.json,379
./instances/ruiz/json\n20m4-59.json,725
./instances/ruiz/json\n20m4-60.json,803
./instances/ruiz/json\n20m4-61.json,1267
./instances/ruiz/json\n20m4-62.json,968
./instances/ruiz/json\n20m4-63.json,1341
./instances/ruiz/json\n20m4-64.json,1035
./instances/ruiz/json\n20m4-65.json,868
./instances/ruiz/json\n20m4-66.json,631
./instances/ruiz/json\n20m4-67.json,1042
./instances/ruiz/json\n20m4-68.json,802
./instances/ruiz/json\n20m4-69.json,582
./instances/ruiz/json\n20m4-70.json,447
./instances/ruiz/json\n20m4-71.json,1490
./instances/ruiz/json\n20m4-72.json,899
./instances/ruiz/json\n20m4-73.json,1759
./instances/ruiz/json\n20m4-74.json,1013
./instances/ruiz/json\n20m4-75.json,943
./instances/ruiz/json\n20m4-76.json,635
./instances/ruiz/json\n20m4-77.json,423
./instances/ruiz/json\n20m4-78.json,370
./instances/ruiz/json\n20m4-79.json,649
./instances/ruiz/json\n20m4-80.json,634
./instances/ruiz/json\n20m8-01.json,953
./instances/ruiz/json\n20m8-02.json,922
./instances/ruiz/json\n20m8-03.json,831
./instances/ruiz/json\n20m8-04.json,816
./instances/ruiz/json\n20m8-05.json,920
./instances/ruiz/json\n20m8-06.json,555
./instances/ruiz/json\n20m8-07.json,599
./instances/ruiz/json\n20m8-08.json,564
./instances/ruiz/json\n20m8-09.json,578
./instances/ruiz/json\n20m8-10.json,339
./instances/ruiz/json\n20m8-11.json,972
./instances/ruiz/json\n20m8-12.json,1086
./instances/ruiz/json\n20m8-13.json,1036
./instances/ruiz/json\n20m8-14.json,992
./instances/ruiz/json\n20m8-15.json,1125
./instances/ruiz/json\n20m8-16.json,591
./instances/ruiz/json\n20m8-17.json,476
./instances/ruiz/json\n20m8-18.json,753
./instances/ruiz/json\n20m8-19.json,639
./instances/ruiz/json\n20m8-20.json,681
./instances/ruiz/json\n20m8-21.json,1260
./instances/ruiz/json\n20m8-22.json,1350
./instances/ruiz/json\n20m8-23.json,1366
./instances/ruiz/json\n20m8-24.json,1476
./instances/ruiz/json\n20m8-25.json,1394
./instances/ruiz/json\n20m8-26.json,477
./instances/ruiz/json\n20m8-27.json,951
./instances/ruiz/json\n20m8-28.json,893
./instances/ruiz/json\n20m8-29.json,929
./instances/ruiz/json\n20m8-30.json,680
./instances/ruiz/json\n20m8-31.json,1570
./instances/ruiz/json\n20m8-32.json,1341
./instances/ruiz/json\n20m8-33.json,1456
./instances/ruiz/json\n20m8-34.json,1474
./instances/ruiz/json\n20m8-35.json,1422
./instances/ruiz/json\n20m8-36.json,973
./instances/ruiz/json\n20m8-37.json,1011
./instances/ruiz/json\n20m8-38.json,506
./instances/ruiz/json\n20m8-39.json,793
./instances/ruiz/json\n20m8-40.json,846
./instances/ruiz/json\n20m8-41.json,1088
./instances/ruiz/json\n20m8-42.json,1319
./instances/ruiz/json\n20m8-43.json,1196
./instances/ruiz/json\n20m8-44.json,1361
./instances/ruiz/json\n20m8-45.json,1134
./instances/ruiz/json\n20m8-46.json,611
./instances/ruiz/json\n20m8-47.json,640
./instances/ruiz/json\n20m8-48.json,416
./instances/ruiz/json\n20m8-49.json,445
./instances/ruiz/json\n20m8-50.json,537
./instances/ruiz/json\n20m8-51.json,1493
./instances/ruiz/json\n20m8-52.json,855
./instances/ruiz/json\n20m8-53.json,1568
./instances/ruiz/json\n20m8-54.json,1349
./instances/ruiz/json\n20m8-55.json,1140
./instances/ruiz/json\n20m8-56.json,421
./instances/ruiz/json\n20m8-57.json,321
./instances/ruiz/json\n20m8-58.json,658
./instances/ruiz/json\n20m8-59.json,630
./instances/ruiz/json\n20m8-60.json,832
./instances/ruiz/json\n20m8-61.json,1250
./instances/ruiz/json\n20m8-62.json,1630
./instances/ruiz/json\n20m8-63.json,1425
./instances/ruiz/json\n20m8-64.json,2029
./instances/ruiz/json\n20m8-65.json,1538
./instances/ruiz/json\n20m8-66.json,612
./instances/ruiz/json\n20m8-67.json,733
./instances/ruiz/json\n20m8-68.json,774
./instances/ruiz/json\n20m8-69.json,809
./instances/ruiz/json\n20m8-70.json,1351
./instances/ruiz/json\n20m8-71.json,1669
./instances/ruiz/json\n20m8-72.json,1434
./instances/ruiz/json\n20m8-73.json,2020
./instances/ruiz/json\n20m8-74.json,1486
./instances/ruiz/json\n20m8-75.json,1765
./instances/ruiz/json\n20m8-76.json,1089
./instances/ruiz/json\n20m8-77.json,766
./instances/ruiz/json\n20m8-78.json,752
./instances/ruiz/json\n20m8-79.json,568
./instances/ruiz/json\n20m8-80.json,1369
./instances/ruiz/json\n50m2-01.json,1143
./instances/ruiz/json\n50m2-02.json,1255
./instances/ruiz/json\n50m2-03.json,1272
./instances/ruiz/json\n50m2-04.json,1240
./instances/ruiz/json\n50m2-05.json,1155
./instances/ruiz/json\n50m2-06.json,816
./instances/ruiz/json\n50m2-07.json,1135
./instances/ruiz/json\n50m2-08.json,764
./instances/ruiz/json\n50m2-09.json,877
./instances/ruiz/json\n50m2-10.json,616
./instances/ruiz/json\n50m2-11.json,1427
./instances/ruiz/json\n50m2-12.json,1415
./instances/ruiz/json\n50m2-13.json,1386
./instances/ruiz/json\n50m2-14.json,1352
./instances/ruiz/json\n50m2-15.json,1234
./instances/ruiz/json\n50m2-16.json,855
./instances/ruiz/json\n50m2-17.json,458
./instances/ruiz/json\n50m2-18.json,732
./instances/ruiz/json\n50m2-19.json,788
./instances/ruiz/json\n50m2-20.json,834
./instances/ruiz/json\n50m2-21.json,1456
./instances/ruiz/json\n50m2-22.json,1614
./instances/ruiz/json\n50m2-23.json,1627
./instances/ruiz/json\n50m2-24.json,1533
./instances/ruiz/json\n50m2-25.json,1446
./instances/ruiz/json\n50m2-26.json,910
./instances/ruiz/json\n50m2-27.json,898
./instances/ruiz/json\n50m2-28.json,832
./instances/ruiz/json\n50m2-29.json,1042
./instances/ruiz/json\n50m2-30.json,869
./instances/ruiz/json\n50m2-31.json,1788
./instances/ruiz/json\n50m2-32.json,1616
./instances/ruiz/json\n50m2-33.json,1550
./instances/ruiz/json\n50m2-34.json,1679
./instances/ruiz/json\n50m2-35.json,1803
./instances/ruiz/json\n50m2-36.json,973
./instances/ruiz/json\n50m2-37.json,1041
./instances/ruiz/json\n50m2-38.json,904
./instances/ruiz/json\n50m2-39.json,994
./instances/ruiz/json\n50m2-40.json,900
./instances/ruiz/json\n50m2-41.json,1418
./instances/ruiz/json\n50m2-42.json,862
./instances/ruiz/json\n50m2-43.json,2439
./instances/ruiz/json\n50m2-44.json,1096
./instances/ruiz/json\n50m2-45.json,1066
./instances/ruiz/json\n50m2-46.json,375
./instances/ruiz/json\n50m2-47.json,515
./instances/ruiz/json\n50m2-48.json,1645
./instances/ruiz/json\n50m2-49.json,564
./instances/ruiz/json\n50m2-50.json,645
./instances/ruiz/json\n50m2-51.json,640
./instances/ruiz/json\n50m2-52.json,2209
./instances/ruiz/json\n50m2-53.json,877
./instances/ruiz/json\n50m2-54.json,874
./instances/ruiz/json\n50m2-55.json,2222
./instances/ruiz/json\n50m2-56.json,894
./instances/ruiz/json\n50m2-57.json,999
./instances/ruiz/json\n50m2-58.json,1722
./instances/ruiz/json\n50m2-59.json,1534
./instances/ruiz/json\n50m2-60.json,510
./instances/ruiz/json\n50m2-61.json,1364
./instances/ruiz/json\n50m2-62.json,3078
./instances/ruiz/json\n50m2-63.json,1088
./instances/ruiz/json\n50m2-64.json,3202
./instances/ruiz/json\n50m2-65.json,2994
./instances/ruiz/json\n50m2-66.json,1545
./instances/ruiz/json\n50m2-67.json,1106
./instances/ruiz/json\n50m2-68.json,841
./instances/ruiz/json\n50m2-69.json,779
./instances/ruiz/json\n50m2-70.json,1949
./instances/ruiz/json\n50m2-71.json,810
./instances/ruiz/json\n50m2-72.json,1559
./instances/ruiz/json\n50m2-73.json,995
./instances/ruiz/json\n50m2-74.json,842
./instances/ruiz/json\n50m2-75.json,1779
./instances/ruiz/json\n50m2-76.json,1712
./instances/ruiz/json\n50m2-77.json,1031
./instances/ruiz/json\n50m2-78.json,2504
./instances/ruiz/json\n50m2-79.json,874
./instances/ruiz/json\n50m2-80.json,831
./instances/ruiz/json\n50m4-01.json,1391
./instances/ruiz/json\n50m4-02.json,1313
./instances/ruiz/json\n50m4-03.json,1406
./instances/ruiz/json\n50m4-04.json,1419
./instances/ruiz/json\n50m4-05.json,1343
./instances/ruiz/json\n50m4-06.json,904
./instances/ruiz/json\n50m4-07.json,939
./instances/ruiz/json\n50m4-08.json,885
./instances/ruiz/json\n50m4-09.json,828
./instances/ruiz/json\n50m4-10.json,926
./instances/ruiz/json\n50m4-11.json,1523
./instances/ruiz/json\n50m4-12.json,1666
./instances/ruiz/json\n50m4-13.json,1702
./instances/ruiz/json\n50m4-14.json,1620
./instances/ruiz/json\n50m4-15.json,1521
./instances/ruiz/json\n50m4-16.json,894
./instances/ruiz/json\n50m4-17.json,959
./instances/ruiz/json\n50m4-18.json,1074
./instances/ruiz/json\n50m4-19.json,918
./instances/ruiz/json\n50m4-20.json,758
./instances/ruiz/json\n50m4-21.json,2014
./instances/ruiz/json\n50m4-22.json,1946
./instances/ruiz/json\n50m4-23.json,1941
./instances/ruiz/json\n50m4-24.json,1889
./instances/ruiz/json\n50m4-25.json,1851
./instances/ruiz/json\n50m4-26.json,1070
./instances/ruiz/json\n50m4-27.json,1094
./instances/ruiz/json\n50m4-28.json,1194
./instances/ruiz/json\n50m4-29.json,1122
./instances/ruiz/json\n50m4-30.json,1130
./instances/ruiz/json\n50m4-31.json,1948
./instances/ruiz/json\n50m4-32.json,2160
./instances/ruiz/json\n50m4-33.json,2136
./instances/ruiz/json\n50m4-34.json,2170
./instances/ruiz/json\n50m4-35.json,2034
./instances/ruiz/json\n50m4-36.json,1410
./instances/ruiz/json\n50m4-37.json,1158
./instances/ruiz/json\n50m4-38.json,1308
./instances/ruiz/json\n50m4-39.json,1133
./instances/ruiz/json\n50m4-40.json,1280
./instances/ruiz/json\n50m4-41.json,2348
./instances/ruiz/json\n50m4-42.json,2244
./instances/ruiz/json\n50m4-43.json,2403
./instances/ruiz/json\n50m4-44.json,1976
./instances/ruiz/json\n50m4-45.json,1121
./instances/ruiz/json\n50m4-46.json,1163
./instances/ruiz/json\n50m4-47.json,1620
./instances/ruiz/json\n50m4-48.json,706
./instances/ruiz/json\n50m4-49.json,1406
./instances/ruiz/json\n50m4-50.json,700
./instances/ruiz/json\n50m4-51.json,2386
./instances/ruiz/json\n50m4-52.json,3209
./instances/ruiz/json\n50m4-53.json,2671
./instances/ruiz/json\n50m4-54.json,1629
./instances/ruiz/json\n50m4-55.json,1366
./instances/ruiz/json\n50m4-56.json,1058
./instances/ruiz/json\n50m4-57.json,768
./instances/ruiz/json\n50m4-58.json,646
./instances/ruiz/json\n50m4-59.json,737
./instances/ruiz/json\n50m4-60.json,740
./instances/ruiz/json\n50m4-61.json,1719
./instances/ruiz/json\n50m4-62.json,2277
./instances/ruiz/json\n50m4-63.json,2519
./instances/ruiz/json\n50m4-64.json,1804
./instances/ruiz/json\n50m4-65.json,2446
./instances/ruiz/json\n50m4-66.json,2248
./instances/ruiz/json\n50m4-67.json,564
./instances/ruiz/json\n50m4-68.json,844
./instances/ruiz/json\n50m4-69.json,866
./instances/ruiz/json\n50m4-70.json,840
./instances/ruiz/json\n50m4-71.json,3426
./instances/ruiz/json\n50m4-72.json,2114
./instances/ruiz/json\n50m4-73.json,3560
./instances/ruiz/json\n50m4-74.json,1819
./instances/ruiz/json\n50m4-75.json,2250
./instances/ruiz/json\n50m4-76.json,1524
./instances/ruiz/json\n50m4-77.json,995
./instances/ruiz/json\n50m4-78.json,1727
./instances/ruiz/json\n50m4-79.json,1665
./instances/ruiz/json\n50m4-80.json,1383
./instances/ruiz/json\n50m8-01.json,1619
./instances/ruiz/json\n50m8-02.json,1861
./instances/ruiz/json\n50m8-03.json,1706
./instances/ruiz/json\n50m8-04.json,1756
./instances/ruiz/json\n50m8-05.json,1804
./instances/ruiz/json\n50m8-06.json,959
./instances/ruiz/json\n50m8-07.json,1087
./instances/ruiz/json\n50m8-08.json,969
./instances/ruiz/json\n50m8-09.json,1086
./instances/ruiz/json\n50m8-10.json,1019
./instances/ruiz/json\n50m8-11.json,1929
./instances/ruiz/json\n50m8-12.json,1880
./instances/ruiz/json\n50m8-13.json,1832
./instances/ruiz/json\n50m8-14.json,1985
./instances/ruiz/json\n50m8-15.json,2054
./instances/ruiz/json\n50m8-16.json,904
./instances/ruiz/json\n50m8-17.json,1156
./instances/ruiz/json\n50m8-18.json,1127
./instances/ruiz/json\n50m8-19.json,1167
./instances/ruiz/json\n50m8-20.json,996
./instances/ruiz/json\n50m8-21.json,2471
./instances/ruiz/json\n50m8-22.json,2319
./instances/ruiz/json\n50m8-23.json,2575
./instances/ruiz/json\n50m8-24.json,2410
./instances/ruiz/json\n50m8-25.json,2295
./instances/ruiz/json\n50m8-26.json,1340
./instances/ruiz/json\n50m8-27.json,1519
./instances/ruiz/json\n50m8-28.json,1811
./instances/ruiz/json\n50m8-29.json,1491
./instances/ruiz/json\n50m8-30.json,1506
./instances/ruiz/json\n50m8-31.json,2735
./instances/ruiz/json\n50m8-32.json,2659
./instances/ruiz/json\n50m8-33.json,2657
./instances/ruiz/json\n50m8-34.json,2825
./instances/ruiz/json\n50m8-35.json,2644
./instances/ruiz/json\n50m8-36.json,1621
./instances/ruiz/json\n50m8-37.json,1962
./instances/ruiz/json\n50m8-38.json,1527
./instances/ruiz/json\n50m8-39.json,1714
./instances/ruiz/json\n50m8-40.json,1808
./instances/ruiz/json\n50m8-41.json,2947
./instances/ruiz/json\n50m8-42.json,2157
./instances/ruiz/json\n50m8-43.json,1637
./instances/ruiz/json\n50m8-44.json,2631
./instances/ruiz/json\n50m8-45.json,2775
./instances/ruiz/json\n50m8-46.json,802
./instances/ruiz/json\n50m8-47.json,855
./instances/ruiz/json\n50m8-48.json,1033
./instances/ruiz/json\n50m8-49.json,1985
./instances/ruiz/json\n50m8-50.json,1447
./instances/ruiz/json\n50m8-51.json,2862
./instances/ruiz/json\n50m8-52.json,2719
./instances/ruiz/json\n50m8-53.json,3045
./instances/ruiz/json\n50m8-54.json,2506
./instances/ruiz/json\n50m8-55.json,3020
./instances/ruiz/json\n50m8-56.json,948
./instances/ruiz/json\n50m8-57.json,1995
./instances/ruiz/json\n50m8-58.json,1505
./instances/ruiz/json\n50m8-59.json,786
./instances/ruiz/json\n50m8-60.json,1075
./instances/ruiz/json\n50m8-61.json,4045
./instances/ruiz/json\n50m8-62.json,4106
./instances/ruiz/json\n50m8-63.json,4046
./instances/ruiz/json\n50m8-64.json,3508
./instances/ruiz/json\n50m8-65.json,3080
./instances/ruiz/json\n50m8-66.json,1635
./instances/ruiz/json\n50m8-67.json,2194
./instances/ruiz/json\n50m8-68.json,923
./instances/ruiz/json\n50m8-69.json,1176
./instances/ruiz/json\n50m8-70.json,1632
./instances/ruiz/json\n50m8-71.json,4096
./instances/ruiz/json\n50m8-72.json,4687
./instances/ruiz/json\n50m8-73.json,2425
./instances/ruiz/json\n50m8-74.json,4777
./instances/ruiz/json\n50m8-75.json,3904
./instances/ruiz/json\n50m8-76.json,1536
./instances/ruiz/json\n50m8-77.json,1556
./instances/ruiz/json\n50m8-78.json,1287
./instances/ruiz/json\n50m8-79.json,2548
./instances/ruiz/json\n50m8-80.json,2469
./instances/ruiz/json\n80m2-01.json,1949
./instances/ruiz/json\n80m2-02.json,1927
./instances/ruiz/json\n80m2-03.json,2021
./instances/ruiz/json\n80m2-04.json,2075
./instances/ruiz/json\n80m2-05.json,2134
./instances/ruiz/json\n80m2-06.json,1347
./instances/ruiz/json\n80m2-07.json,1413
./instances/ruiz/json\n80m2-08.json,1177
./instances/ruiz/json\n80m2-09.json,1232
./instances/ruiz/json\n80m2-10.json,1275
./instances/ruiz/json\n80m2-11.json,2396
./instances/ruiz/json\n80m2-12.json,2306
./instances/ruiz/json\n80m2-13.json,2436
./instances/ruiz/json\n80m2-14.json,2316
./instances/ruiz/json\n80m2-15.json,2285
./instances/ruiz/json\n80m2-16.json,1537
./instances/ruiz/json\n80m2-17.json,1161
./instances/ruiz/json\n80m2-18.json,1397
./instances/ruiz/json\n80m2-19.json,1357
./instances/ruiz/json\n80m2-20.json,1374
./instances/ruiz/json\n80m2-21.json,2570
./instances/ruiz/json\n80m2-22.json,2190
./instances/ruiz/json\n80m2-23.json,2536
./instances/ruiz/json\n80m2-24.json,2860
./instances/ruiz/json\n80m2-25.json,2221
./instances/ruiz/json\n80m2-26.json,1655
./instances/ruiz/json\n80m2-27.json,1322
./instances/ruiz/json\n80m2-28.json,1590
./instances/ruiz/json\n80m2-29.json,1706
./instances/ruiz/json\n80m2-30.json,1412
./instances/ruiz/json\n80m2-31.json,2557
./instances/ruiz/json\n80m2-32.json,2688
./instances/ruiz/json\n80m2-33.json,2482
./instances/ruiz/json\n80m2-34.json,2783
./instances/ruiz/json\n80m2-35.json,2619
./instances/ruiz/json\n80m2-36.json,1385
./instances/ruiz/json\n80m2-37.json,1682
./instances/ruiz/json\n80m2-38.json,1885
./instances/ruiz/json\n80m2-39.json,1395
./instances/ruiz/json\n80m2-40.json,1445
./instances/ruiz/json\n80m2-41.json,1741
./instances/ruiz/json\n80m2-42.json,2943
./instances/ruiz/json\n80m2-43.json,1812
./instances/ruiz/json\n80m2-44.json,1072
./instances/ruiz/json\n80m2-45.json,1782
./instances/ruiz/json\n80m2-46.json,1041
./instances/ruiz/json\n80m2-47.json,740
./instances/ruiz/json\n80m2-48.json,1938
./instances/ruiz/json\n80m2-49.json,2704
./instances/ruiz/json\n80m2-50.json,1255
./instances/ruiz/json\n80m2-51.json,1763
./instances/ruiz/json\n80m2-52.json,1906
./instances/ruiz/json\n80m2-53.json,1086
./instances/ruiz/json\n80m2-54.json,1391
./instances/ruiz/json\n80m2-55.json,3205
./instances/ruiz/json\n80m2-56.json,3242
./instances/ruiz/json\n80m2-57.json,921
./instances/ruiz/json\n80m2-58.json,1083
./instances/ruiz/json\n80m2-59.json,801
./instances/ruiz/json\n80m2-60.json,1622
./instances/ruiz/json\n80m2-61.json,2731
./instances/ruiz/json\n80m2-62.json,2302
./instances/ruiz/json\n80m2-63.json,3624
./instances/ruiz/json\n80m2-64.json,1564
./instances/ruiz/json\n80m2-65.json,1787
./instances/ruiz/json\n80m2-66.json,2755
./instances/ruiz/json\n80m2-67.json,893
./instances/ruiz/json\n80m2-68.json,1238
./instances/ruiz/json\n80m2-69.json,1103
./instances/ruiz/json\n80m2-70.json,1643
./instances/ruiz/json\n80m2-71.json,3685
./instances/ruiz/json\n80m2-72.json,3694
./instances/ruiz/json\n80m2-73.json,1690
./instances/ruiz/json\n80m2-74.json,2331
./instances/ruiz/json\n80m2-75.json,3481
./instances/ruiz/json\n80m2-76.json,1572
./instances/ruiz/json\n80m2-77.json,1118
./instances/ruiz/json\n80m2-78.json,2985
./instances/ruiz/json\n80m2-79.json,901
./instances/ruiz/json\n80m2-80.json,1857
./instances/ruiz/json\n80m4-01.json,2124
./instances/ruiz/json\n80m4-02.json,2223
./instances/ruiz/json\n80m4-03.json,2244
./instances/ruiz/json\n80m4-04.json,2505
./instances/ruiz/json\n80m4-05.json,2150
./instances/ruiz/json\n80m4-06.json,1435
./instances/ruiz/json\n80m4-07.json,1178
./instances/ruiz/json\n80m4-08.json,1184
./instances/ruiz/json\n80m4-09.json,1456
./instances/ruiz/json\n80m4-10.json,1275
./instances/ruiz/json\n80m4-11.json,2358
./instances/ruiz/json\n80m4-12.json,2144
./instances/ruiz/json\n80m4-13.json,2431
./instances/ruiz/json\n80m4-14.json,2321
./instances/ruiz/json\n80m4-15.json,2565
./instances/ruiz/json\n80m4-16.json,1508
./instances/ruiz/json\n80m4-17.json,1530
./instances/ruiz/json\n80m4-18.json,1472
./instances/ruiz/json\n80m4-19.json,1330
./instances/ruiz/json\n80m4-20.json,1741
./instances/ruiz/json\n80m4-21.json,2730
./instances/ruiz/json\n80m4-22.json,2947
./instances/ruiz/json\n80m4-23.json,3051
./instances/ruiz/json\n80m4-24.json,2877
./instances/ruiz/json\n80m4-25.json,2945
./instances/ruiz/json\n80m4-26.json,1675
./instances/ruiz/json\n80m4-27.json,1644
./instances/ruiz/json\n80m4-28.json,1724
./instances/ruiz/json\n80m4-29.json,1641
./instances/ruiz/json\n80m4-30.json,1666
./instances/ruiz/json\n80m4-31.json,3158
./instances/ruiz/json\n80m4-32.json,3444
./instances/ruiz/json\n80m4-33.json,3455
./instances/ruiz/json\n80m4-34.json,3352
./instances/ruiz/json\n80m4-35.json,3281
./instances/ruiz/json\n80m4-36.json,2085
./instances/ruiz/json\n80m4-37.json,1576
./instances/ruiz/json\n80m4-38.json,1795
./instances/ruiz/json\n80m4-39.json,2130
./instances/ruiz/json\n80m4-40.json,1763
./instances/ruiz/json\n80m4-41.json,3761
./instances/ruiz/json\n80m4-42.json,2096
./instances/ruiz/json\n80m4-43.json,3715
./instances/ruiz/json\n80m4-44.json,1963
./instances/ruiz/json\n80m4-45.json,3161
./instances/ruiz/json\n80m4-46.json,2598
./instances/ruiz/json\n80m4-47.json,1616
./instances/ruiz/json\n80m4-48.json,810
./instances/ruiz/json\n80m4-49.json,2529
./instances/ruiz/json\n80m4-50.json,1519
./instances/ruiz/json\n80m4-51.json,2092
./instances/ruiz/json\n80m4-52.json,4339
./instances/ruiz/json\n80m4-53.json,2354
./instances/ruiz/json\n80m4-54.json,2099
./instances/ruiz/json\n80m4-55.json,2207
./instances/ruiz/json\n80m4-56.json,1576
./instances/ruiz/json\n80m4-57.json,1009
./instances/ruiz/json\n80m4-58.json,1288
./instances/ruiz/json\n80m4-59.json,2309
./instances/ruiz/json\n80m4-60.json,2171
./instances/ruiz/json\n80m4-61.json,3259
./instances/ruiz/json\n80m4-62.json,5235
./instances/ruiz/json\n80m4-63.json,3456
./instances/ruiz/json\n80m4-64.json,5198
./instances/ruiz/json\n80m4-65.json,6053
./instances/ruiz/json\n80m4-66.json,1515
./instances/ruiz/json\n80m4-67.json,1435
./instances/ruiz/json\n80m4-68.json,1711
./instances/ruiz/json\n80m4-69.json,1140
./instances/ruiz/json\n80m4-70.json,2334
./instances/ruiz/json\n80m4-71.json,4432
./instances/ruiz/json\n80m4-72.json,1929
./instances/ruiz/json\n80m4-73.json,3043
./instances/ruiz/json\n80m4-74.json,2377
./instances/ruiz/json\n80m4-75.json,5629
./instances/ruiz/json\n80m4-76.json,2064
./instances/ruiz/json\n80m4-77.json,1542
./instances/ruiz/json\n80m4-78.json,1326
./instances/ruiz/json\n80m4-79.json,3202
./instances/ruiz/json\n80m4-80.json,2272
./instances/ruiz/json\n80m8-1.json,2574
./instances/ruiz/json\n80m8-2.json,2416
./instances/ruiz/json\n80m8-3.json,2403
./instances/ruiz/json\n80m8-4.json,2292
./instances/ruiz/json\n80m8-5.json,2423
./instances/ruiz/json\n80m8-6.json,1621
./instances/ruiz/json\n80m8-7.json,1697
./instances/ruiz/json\n80m8-8.json,1626
./instances/ruiz/json\n80m8-9.json,1589
./instances/ruiz/json\n80m8-01.json,2574
./instances/ruiz/json\n80m8-02.json,2416
./instances/ruiz/json\n80m8-03.json,2403
./instances/ruiz/json\n80m8-04.json,2292
./instances/ruiz/json\n80m8-05.json,2423
./instances/ruiz/json\n80m8-06.json,1621
./instances/ruiz/json\n80m8-07.json,1697
./instances/ruiz/json\n80m8-08.json,1626
./instances/ruiz/json\n80m8-09.json,1589
./instances/ruiz/json\n80m8-10.json,1480
./instances/ruiz/json\n80m8-11.json,3789
./instances/ruiz/json\n80m8-12.json,3752
./instances/ruiz/json\n80m8-13.json,3612
./instances/ruiz/json\n80m8-14.json,4826
./instances/ruiz/json\n80m8-15.json,2254
./instances/ruiz/json\n80m8-16.json,2551
./instances/ruiz/json\n80m8-17.json,1506
./instances/ruiz/json\n80m8-18.json,2975
./instances/ruiz/json\n80m8-19.json,3117
./instances/ruiz/json\n80m8-20.json,2942
./instances/ruiz/json\n80m8-21.json,2910
./instances/ruiz/json\n80m8-22.json,2783
./instances/ruiz/json\n80m8-23.json,2899
./instances/ruiz/json\n80m8-24.json,2820
./instances/ruiz/json\n80m8-25.json,2868
./instances/ruiz/json\n80m8-26.json,1688
./instances/ruiz/json\n80m8-27.json,1663
./instances/ruiz/json\n80m8-28.json,1761
./instances/ruiz/json\n80m8-29.json,2138
./instances/ruiz/json\n80m8-30.json,1642
./instances/ruiz/json\n80m8-31.json,4625
./instances/ruiz/json\n80m8-32.json,4524
./instances/ruiz/json\n80m8-33.json,3358
./instances/ruiz/json\n80m8-34.json,4314
./instances/ruiz/json\n80m8-35.json,4170
./instances/ruiz/json\n80m8-36.json,1382
./instances/ruiz/json\n80m8-37.json,3042
./instances/ruiz/json\n80m8-38.json,1686
./instances/ruiz/json\n80m8-39.json,1914
./instances/ruiz/json\n80m8-40.json,3742
./instances/ruiz/json\n80m8-41.json,3678
./instances/ruiz/json\n80m8-42.json,3698
./instances/ruiz/json\n80m8-43.json,3568
./instances/ruiz/json\n80m8-44.json,3479
./instances/ruiz/json\n80m8-45.json,3580
./instances/ruiz/json\n80m8-46.json,2259
./instances/ruiz/json\n80m8-47.json,2076
./instances/ruiz/json\n80m8-48.json,2481
./instances/ruiz/json\n80m8-49.json,1857
./instances/ruiz/json\n80m8-50.json,2181
./instances/ruiz/json\n80m8-51.json,3548
./instances/ruiz/json\n80m8-52.json,3145
./instances/ruiz/json\n80m8-53.json,4642
./instances/ruiz/json\n80m8-54.json,6684
./instances/ruiz/json\n80m8-55.json,5410
./instances/ruiz/json\n80m8-56.json,1618
./instances/ruiz/json\n80m8-57.json,3622
./instances/ruiz/json\n80m8-58.json,2305
./instances/ruiz/json\n80m8-59.json,1886
./instances/ruiz/json\n80m8-60.json,3060
./instances/ruiz/json\n80m8-61.json,4302
./instances/ruiz/json\n80m8-62.json,3933
./instances/ruiz/json\n80m8-63.json,4093
./instances/ruiz/json\n80m8-64.json,4051
./instances/ruiz/json\n80m8-65.json,4298
./instances/ruiz/json\n80m8-66.json,2252
./instances/ruiz/json\n80m8-67.json,2390
./instances/ruiz/json\n80m8-68.json,2337
./instances/ruiz/json\n80m8-69.json,2283
./instances/ruiz/json\n80m8-70.json,2374
./instances/ruiz/json\n80m8-71.json,7381
./instances/ruiz/json\n80m8-72.json,5433
./instances/ruiz/json\n80m8-73.json,5612
./instances/ruiz/json\n80m8-74.json,4908
./instances/ruiz/json\n80m8-75.json,6576
./instances/ruiz/json\n80m8-76.json,1678
./instances/ruiz/json\n80m8-77.json,2003
./instances/ruiz/json\n80m8-78.json,3039
./instances/ruiz/json\n80m8-79.json,1857
./instances/ruiz/json\n80m8-80.json,2463
./instances/ruiz/json\n120m2-01.json,3152
./instances/ruiz/json\n120m2-02.json,2967
./instances/ruiz/json\n120m2-03.json,3088
./instances/ruiz/json\n120m2-04.json,2920
./instances/ruiz/json\n120m2-05.json,2958
./instances/ruiz/json\n120m2-06.json,1981
./instances/ruiz/json\n120m2-07.json,2207
./instances/ruiz/json\n120m2-08.json,2502
./instances/ruiz/json\n120m2-09.json,2311
./instances/ruiz/json\n120m2-10.json,1971
./instances/ruiz/json\n120m2-11.json,3121
./instances/ruiz/json\n120m2-12.json,3083
./instances/ruiz/json\n120m2-13.json,3502
./instances/ruiz/json\n120m2-14.json,3247
./instances/ruiz/json\n120m2-15.json,3233
./instances/ruiz/json\n120m2-16.json,2271
./instances/ruiz/json\n120m2-17.json,2188
./instances/ruiz/json\n120m2-18.json,2023
./instances/ruiz/json\n120m2-19.json,1994
./instances/ruiz/json\n120m2-20.json,2305
./instances/ruiz/json\n120m2-21.json,3808
./instances/ruiz/json\n120m2-22.json,3995
./instances/ruiz/json\n120m2-23.json,3816
./instances/ruiz/json\n120m2-24.json,4131
./instances/ruiz/json\n120m2-25.json,3684
./instances/ruiz/json\n120m2-26.json,2484
./instances/ruiz/json\n120m2-27.json,2168
./instances/ruiz/json\n120m2-28.json,2324
./instances/ruiz/json\n120m2-29.json,2163
./instances/ruiz/json\n120m2-30.json,2136
./instances/ruiz/json\n120m2-31.json,4203
./instances/ruiz/json\n120m2-32.json,4329
./instances/ruiz/json\n120m2-33.json,3985
./instances/ruiz/json\n120m2-34.json,3993
./instances/ruiz/json\n120m2-35.json,4268
./instances/ruiz/json\n120m2-36.json,2135
./instances/ruiz/json\n120m2-37.json,2495
./instances/ruiz/json\n120m2-38.json,2326
./instances/ruiz/json\n120m2-39.json,2837
./instances/ruiz/json\n120m2-40.json,2511
./instances/ruiz/json\n120m2-41.json,4974
./instances/ruiz/json\n120m2-42.json,4988
./instances/ruiz/json\n120m2-43.json,5824
./instances/ruiz/json\n120m2-44.json,3109
./instances/ruiz/json\n120m2-45.json,2355
./instances/ruiz/json\n120m2-46.json,1916
./instances/ruiz/json\n120m2-47.json,1748
./instances/ruiz/json\n120m2-48.json,3366
./instances/ruiz/json\n120m2-49.json,1550
./instances/ruiz/json\n120m2-50.json,1056
./instances/ruiz/json\n120m2-51.json,3004
./instances/ruiz/json\n120m2-52.json,3389
./instances/ruiz/json\n120m2-53.json,2190
./instances/ruiz/json\n120m2-54.json,2718
./instances/ruiz/json\n120m2-55.json,2188
./instances/ruiz/json\n120m2-56.json,2005
./instances/ruiz/json\n120m2-57.json,1002
./instances/ruiz/json\n120m2-58.json,1443
./instances/ruiz/json\n120m2-59.json,2835
./instances/ruiz/json\n120m2-60.json,3848
./instances/ruiz/json\n120m2-61.json,6239
./instances/ruiz/json\n120m2-62.json,2315
./instances/ruiz/json\n120m2-63.json,2900
./instances/ruiz/json\n120m2-64.json,2422
./instances/ruiz/json\n120m2-65.json,5140
./instances/ruiz/json\n120m2-66.json,1653
./instances/ruiz/json\n120m2-67.json,1159
./instances/ruiz/json\n120m2-68.json,1574
./instances/ruiz/json\n120m2-69.json,2474
./instances/ruiz/json\n120m2-70.json,2356
./instances/ruiz/json\n120m2-71.json,3594
./instances/ruiz/json\n120m2-72.json,3488
./instances/ruiz/json\n120m2-73.json,5791
./instances/ruiz/json\n120m2-74.json,5225
./instances/ruiz/json\n120m2-75.json,5232
./instances/ruiz/json\n120m2-76.json,2178
./instances/ruiz/json\n120m2-77.json,1689
./instances/ruiz/json\n120m2-78.json,2550
./instances/ruiz/json\n120m2-79.json,4037
./instances/ruiz/json\n120m2-80.json,1504
./instances/ruiz/json\n120m4-01.json,3138
./instances/ruiz/json\n120m4-02.json,3135
./instances/ruiz/json\n120m4-03.json,3315
./instances/ruiz/json\n120m4-04.json,3131
./instances/ruiz/json\n120m4-05.json,3119
./instances/ruiz/json\n120m4-06.json,2074
./instances/ruiz/json\n120m4-07.json,2038
./instances/ruiz/json\n120m4-08.json,2104
./instances/ruiz/json\n120m4-09.json,2052
./instances/ruiz/json\n120m4-10.json,1909
./instances/ruiz/json\n120m4-11.json,5533
./instances/ruiz/json\n120m4-12.json,5012
./instances/ruiz/json\n120m4-13.json,5598
./instances/ruiz/json\n120m4-14.json,5477
./instances/ruiz/json\n120m4-15.json,4796
./instances/ruiz/json\n120m4-16.json,2154
./instances/ruiz/json\n120m4-17.json,1819
./instances/ruiz/json\n120m4-18.json,1979
./instances/ruiz/json\n120m4-19.json,1254
./instances/ruiz/json\n120m4-20.json,2441
./instances/ruiz/json\n120m4-21.json,3609
./instances/ruiz/json\n120m4-22.json,3503
./instances/ruiz/json\n120m4-23.json,3723
./instances/ruiz/json\n120m4-24.json,3749
./instances/ruiz/json\n120m4-25.json,3601
./instances/ruiz/json\n120m4-26.json,1746
./instances/ruiz/json\n120m4-27.json,2111
./instances/ruiz/json\n120m4-28.json,2482
./instances/ruiz/json\n120m4-29.json,2225
./instances/ruiz/json\n120m4-30.json,2281
./instances/ruiz/json\n120m4-31.json,2758
./instances/ruiz/json\n120m4-32.json,5506
./instances/ruiz/json\n120m4-33.json,6922
./instances/ruiz/json\n120m4-34.json,2087
./instances/ruiz/json\n120m4-35.json,2698
./instances/ruiz/json\n120m4-36.json,2496
./instances/ruiz/json\n120m4-37.json,1273
./instances/ruiz/json\n120m4-38.json,4364
./instances/ruiz/json\n120m4-39.json,1358
./instances/ruiz/json\n120m4-40.json,2378
./instances/ruiz/json\n120m4-41.json,4444
./instances/ruiz/json\n120m4-42.json,4636
./instances/ruiz/json\n120m4-43.json,4540
./instances/ruiz/json\n120m4-44.json,4613
./instances/ruiz/json\n120m4-45.json,4266
./instances/ruiz/json\n120m4-46.json,2783
./instances/ruiz/json\n120m4-47.json,2586
./instances/ruiz/json\n120m4-48.json,2286
./instances/ruiz/json\n120m4-49.json,2517
./instances/ruiz/json\n120m4-50.json,2313
./instances/ruiz/json\n120m4-51.json,5299
./instances/ruiz/json\n120m4-52.json,3779
./instances/ruiz/json\n120m4-53.json,7073
./instances/ruiz/json\n120m4-54.json,4417
./instances/ruiz/json\n120m4-55.json,5699
./instances/ruiz/json\n120m4-56.json,2913
./instances/ruiz/json\n120m4-57.json,1451
./instances/ruiz/json\n120m4-58.json,5508
./instances/ruiz/json\n120m4-59.json,2040
./instances/ruiz/json\n120m4-60.json,2478
./instances/ruiz/json\n120m4-61.json,4975
./instances/ruiz/json\n120m4-62.json,4491
./instances/ruiz/json\n120m4-63.json,4936
./instances/ruiz/json\n120m4-64.json,4823
./instances/ruiz/json\n120m4-65.json,4886
./instances/ruiz/json\n120m4-66.json,2730
./instances/ruiz/json\n120m4-67.json,2628
./instances/ruiz/json\n120m4-68.json,3107
./instances/ruiz/json\n120m4-69.json,2847
./instances/ruiz/json\n120m4-70.json,3296
./instances/ruiz/json\n120m4-71.json,4910
./instances/ruiz/json\n120m4-72.json,8093
./instances/ruiz/json\n120m4-73.json,7462
./instances/ruiz/json\n120m4-74.json,4306
./instances/ruiz/json\n120m4-75.json,8283
./instances/ruiz/json\n120m4-76.json,3003
./instances/ruiz/json\n120m4-77.json,1861
./instances/ruiz/json\n120m4-78.json,2578
./instances/ruiz/json\n120m4-79.json,5452
./instances/ruiz/json\n120m4-80.json,5022
./instances/ruiz/json\n120m8-01.json,3420
./instances/ruiz/json\n120m8-02.json,3355
./instances/ruiz/json\n120m8-03.json,3507
./instances/ruiz/json\n120m8-04.json,3737
./instances/ruiz/json\n120m8-05.json,3452
./instances/ruiz/json\n120m8-06.json,2308
./instances/ruiz/json\n120m8-07.json,2292
./instances/ruiz/json\n120m8-08.json,2298
./instances/ruiz/json\n120m8-09.json,1906
./instances/ruiz/json\n120m8-10.json,2295
./instances/ruiz/json\n120m8-11.json,5822
./instances/ruiz/json\n120m8-12.json,5703
./instances/ruiz/json\n120m8-13.json,6654
./instances/ruiz/json\n120m8-14.json,3696
./instances/ruiz/json\n120m8-15.json,6250
./instances/ruiz/json\n120m8-16.json,2566
./instances/ruiz/json\n120m8-17.json,4318
./instances/ruiz/json\n120m8-18.json,3998
./instances/ruiz/json\n120m8-19.json,2117
./instances/ruiz/json\n120m8-20.json,2504
./instances/ruiz/json\n120m8-21.json,4223
./instances/ruiz/json\n120m8-22.json,3930
./instances/ruiz/json\n120m8-23.json,4126
./instances/ruiz/json\n120m8-24.json,4135
./instances/ruiz/json\n120m8-25.json,4263
./instances/ruiz/json\n120m8-26.json,2531
./instances/ruiz/json\n120m8-27.json,2451
./instances/ruiz/json\n120m8-28.json,2702
./instances/ruiz/json\n120m8-29.json,2321
./instances/ruiz/json\n120m8-30.json,2692
./instances/ruiz/json\n120m8-31.json,7108
./instances/ruiz/json\n120m8-32.json,6176
./instances/ruiz/json\n120m8-33.json,6279
./instances/ruiz/json\n120m8-34.json,3642
./instances/ruiz/json\n120m8-35.json,6848
./instances/ruiz/json\n120m8-36.json,2110
./instances/ruiz/json\n120m8-37.json,2569
./instances/ruiz/json\n120m8-38.json,4194
./instances/ruiz/json\n120m8-39.json,2924
./instances/ruiz/json\n120m8-40.json,1551
./instances/ruiz/json\n120m8-41.json,5066
./instances/ruiz/json\n120m8-42.json,5157
./instances/ruiz/json\n120m8-43.json,5181
./instances/ruiz/json\n120m8-44.json,5617
./instances/ruiz/json\n120m8-45.json,4983
./instances/ruiz/json\n120m8-46.json,3107
./instances/ruiz/json\n120m8-47.json,3116
./instances/ruiz/json\n120m8-48.json,3201
./instances/ruiz/json\n120m8-49.json,3032
./instances/ruiz/json\n120m8-50.json,3294
./instances/ruiz/json\n120m8-51.json,7245
./instances/ruiz/json\n120m8-52.json,8741
./instances/ruiz/json\n120m8-53.json,8628
./instances/ruiz/json\n120m8-54.json,9662
./instances/ruiz/json\n120m8-55.json,8248
./instances/ruiz/json\n120m8-56.json,3614
./instances/ruiz/json\n120m8-57.json,3502
./instances/ruiz/json\n120m8-58.json,3121
./instances/ruiz/json\n120m8-59.json,2564
./instances/ruiz/json\n120m8-60.json,2593
./instances/ruiz/json\n120m8-61.json,5988
./instances/ruiz/json\n120m8-62.json,5590
./instances/ruiz/json\n120m8-63.json,5475
./instances/ruiz/json\n120m8-64.json,5408
./instances/ruiz/json\n120m8-65.json,5795
./instances/ruiz/json\n120m8-66.json,3416
./instances/ruiz/json\n120m8-67.json,3179
./instances/ruiz/json\n120m8-68.json,3578
./instances/ruiz/json\n120m8-69.json,3602
./instances/ruiz/json\n120m8-70.json,3604
./instances/ruiz/json\n120m8-71.json,10368
./instances/ruiz/json\n120m8-72.json,9446
./instances/ruiz/json\n120m8-73.json,10212
./instances/ruiz/json\n120m8-74.json,5649
./instances/ruiz/json\n120m8-75.json,8046
./instances/ruiz/json\n120m8-76.json,3736
./instances/ruiz/json\n120m8-77.json,2755
./instances/ruiz/json\n120m8-78.json,2325
./instances/ruiz/json\n120m8-79.json,3569
./instances/ruiz/json\n120m8-80.json,5078
