./instances/ruiz/json\n20m2-01.json,612,613,617,618
./instances/ruiz/json\n20m2-02.json,625,623,637,630
./instances/ruiz/json\n20m2-03.json,565,572,570,566
./instances/ruiz/json\n20m2-04.json,525,516,526,525
./instances/ruiz/json\n20m2-05.json,380,382,374,383
./instances/ruiz/json\n20m2-06.json,322,324,319,323
./instances/ruiz/json\n20m2-07.json,470,461,465,472
./instances/ruiz/json\n20m2-08.json,394,392,388,396
./instances/ruiz/json\n20m2-09.json,442,448,442,442
./instances/ruiz/json\n20m2-10.json,341,344,344,341
./instances/ruiz/json\n20m2-11.json,603,624,601,608
./instances/ruiz/json\n20m2-12.json,588,590,597,609
./instances/ruiz/json\n20m2-13.json,570,578,562,585
./instances/ruiz/json\n20m2-14.json,542,560,556,569
./instances/ruiz/json\n20m2-15.json,655,650,635,637
./instances/ruiz/json\n20m2-16.json,398,401,403,416
./instances/ruiz/json\n20m2-17.json,392,403,405,395
./instances/ruiz/json\n20m2-18.json,282,283,300,283
./instances/ruiz/json\n20m2-19.json,306,306,306,306
./instances/ruiz/json\n20m2-20.json,336,339,341,341
./instances/ruiz/json\n20m2-21.json,738,720,732,753
./instances/ruiz/json\n20m2-22.json,523,525,525,550
./instances/ruiz/json\n20m2-23.json,730,742,730,772
./instances/ruiz/json\n20m2-24.json,595,586,591,605
./instances/ruiz/json\n20m2-25.json,669,645,671,672
./instances/ruiz/json\n20m2-26.json,432,448,452,463
./instances/ruiz/json\n20m2-27.json,478,461,462,452
./instances/ruiz/json\n20m2-28.json,407,408,408,401
./instances/ruiz/json\n20m2-29.json,417,434,417,430
./instances/ruiz/json\n20m2-30.json,354,356,354,369
./instances/ruiz/json\n20m2-31.json,702,695,676,756
./instances/ruiz/json\n20m2-32.json,761,761,786,762
./instances/ruiz/json\n20m2-33.json,695,688,720,698
./instances/ruiz/json\n20m2-34.json,793,780,776,793
./instances/ruiz/json\n20m2-35.json,832,792,818,798
./instances/ruiz/json\n20m2-36.json,437,428,428,428
./instances/ruiz/json\n20m2-37.json,574,550,561,557
./instances/ruiz/json\n20m2-38.json,377,377,377,389
./instances/ruiz/json\n20m2-39.json,531,553,546,555
./instances/ruiz/json\n20m2-40.json,479,454,454,482
./instances/ruiz/json\n20m2-41.json,417,414,410,421
./instances/ruiz/json\n20m2-42.json,937,935,939,938
./instances/ruiz/json\n20m2-43.json,418,419,421,420
./instances/ruiz/json\n20m2-44.json,1045,1054,1045,1045
./instances/ruiz/json\n20m2-45.json,508,518,514,510
./instances/ruiz/json\n20m2-46.json,178,185,179,178
./instances/ruiz/json\n20m2-47.json,211,211,211,211
./instances/ruiz/json\n20m2-48.json,193,193,194,193
./instances/ruiz/json\n20m2-49.json,441,441,441,441
./instances/ruiz/json\n20m2-50.json,258,258,266,260
./instances/ruiz/json\n20m2-51.json,937,940,937,930
./instances/ruiz/json\n20m2-52.json,336,342,346,338
./instances/ruiz/json\n20m2-53.json,954,949,947,943
./instances/ruiz/json\n20m2-54.json,878,879,887,898
./instances/ruiz/json\n20m2-55.json,547,533,544,540
./instances/ruiz/json\n20m2-56.json,337,332,343,332
./instances/ruiz/json\n20m2-57.json,659,664,659,657
./instances/ruiz/json\n20m2-58.json,585,612,585,585
./instances/ruiz/json\n20m2-59.json,401,394,394,397
./instances/ruiz/json\n20m2-60.json,832,832,832,832
./instances/ruiz/json\n20m2-61.json,1081,1050,1071,1049
./instances/ruiz/json\n20m2-62.json,619,609,582,606
./instances/ruiz/json\n20m2-63.json,996,1002,972,993
./instances/ruiz/json\n20m2-64.json,1329,1317,1330,1323
./instances/ruiz/json\n20m2-65.json,1236,1205,1234,1241
./instances/ruiz/json\n20m2-66.json,765,765,802,775
./instances/ruiz/json\n20m2-67.json,393,393,393,393
./instances/ruiz/json\n20m2-68.json,262,262,262,262
./instances/ruiz/json\n20m2-69.json,349,357,360,353
./instances/ruiz/json\n20m2-70.json,416,416,445,431
./instances/ruiz/json\n20m2-71.json,608,610,633,632
./instances/ruiz/json\n20m2-72.json,985,1001,985,1045
./instances/ruiz/json\n20m2-73.json,572,537,567,570
./instances/ruiz/json\n20m2-74.json,636,652,638,695
./instances/ruiz/json\n20m2-75.json,1027,1047,1080,1038
./instances/ruiz/json\n20m2-76.json,273,286,273,273
./instances/ruiz/json\n20m2-77.json,657,657,663,682
./instances/ruiz/json\n20m2-78.json,523,523,553,579
./instances/ruiz/json\n20m2-79.json,632,616,616,608
./instances/ruiz/json\n20m2-80.json,808,785,785,785
./instances/ruiz/json\n20m4-01.json,643,641,653,666
./instances/ruiz/json\n20m4-02.json,709,708,703,694
./instances/ruiz/json\n20m4-03.json,538,534,537,549
./instances/ruiz/json\n20m4-04.json,630,632,623,638
./instances/ruiz/json\n20m4-05.json,628,623,624,622
./instances/ruiz/json\n20m4-06.json,344,386,354,378
./instances/ruiz/json\n20m4-07.json,311,308,325,309
./instances/ruiz/json\n20m4-08.json,407,409,415,407
./instances/ruiz/json\n20m4-09.json,428,428,438,459
./instances/ruiz/json\n20m4-10.json,374,374,374,379
./instances/ruiz/json\n20m4-11.json,684,696,689,692
./instances/ruiz/json\n20m4-12.json,805,821,809,822
./instances/ruiz/json\n20m4-13.json,669,672,678,707
./instances/ruiz/json\n20m4-14.json,744,749,745,768
./instances/ruiz/json\n20m4-15.json,719,704,708,711
./instances/ruiz/json\n20m4-16.json,265,265,265,278
./instances/ruiz/json\n20m4-17.json,430,444,433,434
./instances/ruiz/json\n20m4-18.json,570,586,579,585
./instances/ruiz/json\n20m4-19.json,457,450,461,450
./instances/ruiz/json\n20m4-20.json,469,487,508,510
./instances/ruiz/json\n20m4-21.json,874,889,883,898
./instances/ruiz/json\n20m4-22.json,873,887,866,911
./instances/ruiz/json\n20m4-23.json,874,899,896,886
./instances/ruiz/json\n20m4-24.json,860,856,932,911
./instances/ruiz/json\n20m4-25.json,961,969,951,1026
./instances/ruiz/json\n20m4-26.json,658,647,680,715
./instances/ruiz/json\n20m4-27.json,491,459,459,502
./instances/ruiz/json\n20m4-28.json,571,564,625,603
./instances/ruiz/json\n20m4-29.json,656,582,666,658
./instances/ruiz/json\n20m4-30.json,650,660,658,664
./instances/ruiz/json\n20m4-31.json,924,993,966,1010
./instances/ruiz/json\n20m4-32.json,982,985,1013,998
./instances/ruiz/json\n20m4-33.json,867,927,905,903
./instances/ruiz/json\n20m4-34.json,1002,1039,968,1046
./instances/ruiz/json\n20m4-35.json,1091,1119,1128,1091
./instances/ruiz/json\n20m4-36.json,552,573,580,561
./instances/ruiz/json\n20m4-37.json,583,549,559,555
./instances/ruiz/json\n20m4-38.json,578,593,600,624
./instances/ruiz/json\n20m4-39.json,792,800,806,800
./instances/ruiz/json\n20m4-40.json,595,622,590,622
./instances/ruiz/json\n20m4-41.json,1007,991,1004,1025
./instances/ruiz/json\n20m4-42.json,1045,1034,1066,1049
./instances/ruiz/json\n20m4-43.json,827,827,863,845
./instances/ruiz/json\n20m4-44.json,1012,1021,1021,1047
./instances/ruiz/json\n20m4-45.json,452,457,462,456
./instances/ruiz/json\n20m4-46.json,440,439,436,444
./instances/ruiz/json\n20m4-47.json,233,240,229,239
./instances/ruiz/json\n20m4-48.json,740,751,748,755
./instances/ruiz/json\n20m4-49.json,443,453,434,445
./instances/ruiz/json\n20m4-50.json,449,451,453,467
./instances/ruiz/json\n20m4-51.json,595,594,590,602
./instances/ruiz/json\n20m4-52.json,1199,1199,1196,1199
./instances/ruiz/json\n20m4-53.json,1231,1232,1204,1233
./instances/ruiz/json\n20m4-54.json,660,641,653,652
./instances/ruiz/json\n20m4-55.json,1277,1263,1255,1276
./instances/ruiz/json\n20m4-56.json,281,271,322,283
./instances/ruiz/json\n20m4-57.json,390,411,381,381
./instances/ruiz/json\n20m4-58.json,378,379,379,380
./instances/ruiz/json\n20m4-59.json,730,730,730,752
./instances/ruiz/json\n20m4-60.json,803,809,803,803
./instances/ruiz/json\n20m4-61.json,1300,1277,1291,1325
./instances/ruiz/json\n20m4-62.json,1006,964,995,974
./instances/ruiz/json\n20m4-63.json,1339,1338,1363,1435
./instances/ruiz/json\n20m4-64.json,1045,1028,1045,1050
./instances/ruiz/json\n20m4-65.json,839,863,867,865
./instances/ruiz/json\n20m4-66.json,625,666,631,640
./instances/ruiz/json\n20m4-67.json,1056,1042,1013,1072
./instances/ruiz/json\n20m4-68.json,850,793,829,793
./instances/ruiz/json\n20m4-69.json,595,580,618,592
./instances/ruiz/json\n20m4-70.json,456,472,459,457
./instances/ruiz/json\n20m4-71.json,1496,1579,1622,1510
./instances/ruiz/json\n20m4-72.json,919,909,887,935
./instances/ruiz/json\n20m4-73.json,1699,1749,1750,1810
./instances/ruiz/json\n20m4-74.json,988,997,1005,1036
./instances/ruiz/json\n20m4-75.json,928,1047,1000,985
./instances/ruiz/json\n20m4-76.json,676,662,659,683
./instances/ruiz/json\n20m4-77.json,421,421,423,421
./instances/ruiz/json\n20m4-78.json,368,373,368,390
./instances/ruiz/json\n20m4-79.json,610,685,626,598
./instances/ruiz/json\n20m4-80.json,608,654,648,630
./instances/ruiz/json\n20m8-01.json,944,962,962,957
./instances/ruiz/json\n20m8-02.json,934,918,938,932
./instances/ruiz/json\n20m8-03.json,833,823,842,834
./instances/ruiz/json\n20m8-04.json,816,821,832,832
./instances/ruiz/json\n20m8-05.json,924,932,919,941
./instances/ruiz/json\n20m8-06.json,560,557,573,574
./instances/ruiz/json\n20m8-07.json,611,617,637,668
./instances/ruiz/json\n20m8-08.json,579,589,583,602
./instances/ruiz/json\n20m8-09.json,577,576,578,579
./instances/ruiz/json\n20m8-10.json,339,352,339,375
./instances/ruiz/json\n20m8-11.json,1001,979,987,1004
./instances/ruiz/json\n20m8-12.json,1113,1117,1101,1095
./instances/ruiz/json\n20m8-13.json,1065,1053,1079,1054
./instances/ruiz/json\n20m8-14.json,967,966,941,985
./instances/ruiz/json\n20m8-15.json,1134,1128,1132,1161
./instances/ruiz/json\n20m8-16.json,571,595,595,604
./instances/ruiz/json\n20m8-17.json,483,467,500,504
./instances/ruiz/json\n20m8-18.json,760,777,767,771
./instances/ruiz/json\n20m8-19.json,630,659,615,666
./instances/ruiz/json\n20m8-20.json,663,679,678,677
./instances/ruiz/json\n20m8-21.json,1239,1212,1257,1260
./instances/ruiz/json\n20m8-22.json,1355,1410,1409,1385
./instances/ruiz/json\n20m8-23.json,1365,1388,1371,1419
./instances/ruiz/json\n20m8-24.json,1443,1456,1449,1524
./instances/ruiz/json\n20m8-25.json,1348,1378,1433,1408
./instances/ruiz/json\n20m8-26.json,538,543,595,580
./instances/ruiz/json\n20m8-27.json,957,970,967,954
./instances/ruiz/json\n20m8-28.json,901,894,908,905
./instances/ruiz/json\n20m8-29.json,918,955,929,971
./instances/ruiz/json\n20m8-30.json,706,670,669,707
./instances/ruiz/json\n20m8-31.json,1598,1613,1608,1632
./instances/ruiz/json\n20m8-32.json,1365,1392,1406,1325
./instances/ruiz/json\n20m8-33.json,1453,1443,1421,1389
./instances/ruiz/json\n20m8-34.json,1504,1485,1519,1526
./instances/ruiz/json\n20m8-35.json,1420,1468,1486,1450
./instances/ruiz/json\n20m8-36.json,1013,1053,1031,1009
./instances/ruiz/json\n20m8-37.json,1003,1032,1012,1059
./instances/ruiz/json\n20m8-38.json,478,506,585,582
./instances/ruiz/json\n20m8-39.json,822,779,907,1023
./instances/ruiz/json\n20m8-40.json,852,751,837,847
./instances/ruiz/json\n20m8-41.json,1126,1140,1100,1161
./instances/ruiz/json\n20m8-42.json,1335,1354,1343,1338
./instances/ruiz/json\n20m8-43.json,1215,1221,1216,1210
./instances/ruiz/json\n20m8-44.json,1378,1432,1394,1437
./instances/ruiz/json\n20m8-45.json,1134,1148,1142,1149
./instances/ruiz/json\n20m8-46.json,611,611,660,611
./instances/ruiz/json\n20m8-47.json,687,662,662,688
./instances/ruiz/json\n20m8-48.json,417,416,420,420
./instances/ruiz/json\n20m8-49.json,458,440,464,435
./instances/ruiz/json\n20m8-50.json,548,540,542,574
./instances/ruiz/json\n20m8-51.json,1500,1520,1501,1530
./instances/ruiz/json\n20m8-52.json,877,885,869,867
./instances/ruiz/json\n20m8-53.json,1606,1646,1622,1614
./instances/ruiz/json\n20m8-54.json,1365,1407,1392,1389
./instances/ruiz/json\n20m8-55.json,1209,1186,1172,1218
./instances/ruiz/json\n20m8-56.json,428,467,457,442
./instances/ruiz/json\n20m8-57.json,325,321,328,345
./instances/ruiz/json\n20m8-58.json,711,660,663,698
./instances/ruiz/json\n20m8-59.json,652,647,660,645
./instances/ruiz/json\n20m8-60.json,843,826,835,929
./instances/ruiz/json\n20m8-61.json,1263,1260,1286,1285
./instances/ruiz/json\n20m8-62.json,1615,1708,1731,1688
./instances/ruiz/json\n20m8-63.json,1441,1447,1455,1470
./instances/ruiz/json\n20m8-64.json,2103,2099,2092,2105
./instances/ruiz/json\n20m8-65.json,1446,1570,1525,1577
./instances/ruiz/json\n20m8-66.json,689,559,678,623
./instances/ruiz/json\n20m8-67.json,767,744,805,765
./instances/ruiz/json\n20m8-68.json,770,774,794,767
./instances/ruiz/json\n20m8-69.json,820,828,835,818
./instances/ruiz/json\n20m8-70.json,1419,1394,1444,1459
./instances/ruiz/json\n20m8-71.json,1703,1791,1749,1669
./instances/ruiz/json\n20m8-72.json,1441,1448,1508,1482
./instances/ruiz/json\n20m8-73.json,2022,2030,2009,2094
./instances/ruiz/json\n20m8-74.json,1505,1493,1574,1500
./instances/ruiz/json\n20m8-75.json,1852,1770,1807,1891
./instances/ruiz/json\n20m8-76.json,1131,1136,1070,1170
./instances/ruiz/json\n20m8-77.json,790,769,762,906
./instances/ruiz/json\n20m8-78.json,787,815,726,717
./instances/ruiz/json\n20m8-79.json,596,613,654,648
./instances/ruiz/json\n20m8-80.json,1356,1408,1308,1419
./instances/ruiz/json\n50m2-01.json,1159,1170,1149,1174
./instances/ruiz/json\n50m2-02.json,1234,1243,1238,1254
./instances/ruiz/json\n50m2-03.json,1264,1281,1263,1276
./instances/ruiz/json\n50m2-04.json,1247,1238,1241,1250
./instances/ruiz/json\n50m2-05.json,1186,1194,1191,1188
./instances/ruiz/json\n50m2-06.json,829,832,831,835
./instances/ruiz/json\n50m2-07.json,1148,1136,1147,1143
./instances/ruiz/json\n50m2-08.json,768,766,783,769
./instances/ruiz/json\n50m2-09.json,871,881,883,885
./instances/ruiz/json\n50m2-10.json,615,634,637,626
./instances/ruiz/json\n50m2-11.json,1441,1421,1433,1475
./instances/ruiz/json\n50m2-12.json,1448,1442,1445,1489
./instances/ruiz/json\n50m2-13.json,1376,1395,1428,1428
./instances/ruiz/json\n50m2-14.json,1362,1351,1434,1473
./instances/ruiz/json\n50m2-15.json,1225,1254,1253,1298
./instances/ruiz/json\n50m2-16.json,886,870,894,873
./instances/ruiz/json\n50m2-17.json,485,457,476,464
./instances/ruiz/json\n50m2-18.json,752,762,766,795
./instances/ruiz/json\n50m2-19.json,814,810,812,826
./instances/ruiz/json\n50m2-20.json,843,861,856,841
./instances/ruiz/json\n50m2-21.json,1529,1517,1524,1587
./instances/ruiz/json\n50m2-22.json,1605,1608,1648,1605
./instances/ruiz/json\n50m2-23.json,1711,1702,1716,1695
./instances/ruiz/json\n50m2-24.json,1544,1574,1581,1562
./instances/ruiz/json\n50m2-25.json,1541,1438,1502,1570
./instances/ruiz/json\n50m2-26.json,910,929,995,970
./instances/ruiz/json\n50m2-27.json,988,975,943,1008
./instances/ruiz/json\n50m2-28.json,840,907,950,847
./instances/ruiz/json\n50m2-29.json,1076,1045,1141,1163
./instances/ruiz/json\n50m2-30.json,938,915,922,905
./instances/ruiz/json\n50m2-31.json,1814,1871,1783,1789
./instances/ruiz/json\n50m2-32.json,1696,1767,1767,1794
./instances/ruiz/json\n50m2-33.json,1615,1581,1646,1652
./instances/ruiz/json\n50m2-34.json,1800,1702,1719,1705
./instances/ruiz/json\n50m2-35.json,1830,1823,1833,1875
./instances/ruiz/json\n50m2-36.json,1018,1105,1133,1124
./instances/ruiz/json\n50m2-37.json,1150,1199,1156,1097
./instances/ruiz/json\n50m2-38.json,1102,987,939,1059
./instances/ruiz/json\n50m2-39.json,1021,1035,1047,1054
./instances/ruiz/json\n50m2-40.json,935,967,954,996
./instances/ruiz/json\n50m2-41.json,1441,1433,1410,1414
./instances/ruiz/json\n50m2-42.json,861,875,888,868
./instances/ruiz/json\n50m2-43.json,2453,2442,2432,2464
./instances/ruiz/json\n50m2-44.json,1124,1101,1110,1111
./instances/ruiz/json\n50m2-45.json,1101,1105,1138,1087
./instances/ruiz/json\n50m2-46.json,379,382,381,387
./instances/ruiz/json\n50m2-47.json,515,526,538,526
./instances/ruiz/json\n50m2-48.json,1661,1656,1648,1648
./instances/ruiz/json\n50m2-49.json,565,552,573,571
./instances/ruiz/json\n50m2-50.json,666,660,674,692
./instances/ruiz/json\n50m2-51.json,636,669,656,680
./instances/ruiz/json\n50m2-52.json,2229,2243,2209,2234
./instances/ruiz/json\n50m2-53.json,886,891,904,882
./instances/ruiz/json\n50m2-54.json,895,888,898,898
./instances/ruiz/json\n50m2-55.json,2225,2213,2218,2241
./instances/ruiz/json\n50m2-56.json,902,886,902,932
./instances/ruiz/json\n50m2-57.json,1008,1007,1008,1051
./instances/ruiz/json\n50m2-58.json,1743,1714,1718,1718
./instances/ruiz/json\n50m2-59.json,1556,1561,1591,1594
./instances/ruiz/json\n50m2-60.json,529,545,533,542
./instances/ruiz/json\n50m2-61.json,1361,1378,1414,1419
./instances/ruiz/json\n50m2-62.json,3081,3058,3028,3035
./instances/ruiz/json\n50m2-63.json,1086,1130,1143,1144
./instances/ruiz/json\n50m2-64.json,3471,3323,3265,3380
./instances/ruiz/json\n50m2-65.json,3115,3054,3090,3245
./instances/ruiz/json\n50m2-66.json,1608,1593,1560,1624
./instances/ruiz/json\n50m2-67.json,1155,1117,1143,1179
./instances/ruiz/json\n50m2-68.json,895,886,933,929
./instances/ruiz/json\n50m2-69.json,781,776,807,824
./instances/ruiz/json\n50m2-70.json,1953,2040,2013,2008
./instances/ruiz/json\n50m2-71.json,838,826,860,858
./instances/ruiz/json\n50m2-72.json,1559,1660,1540,1583
./instances/ruiz/json\n50m2-73.json,1104,1073,1072,1102
./instances/ruiz/json\n50m2-74.json,832,899,890,945
./instances/ruiz/json\n50m2-75.json,1834,1769,1851,1795
./instances/ruiz/json\n50m2-76.json,1750,1669,1696,1790
./instances/ruiz/json\n50m2-77.json,1119,1035,1115,1101
./instances/ruiz/json\n50m2-78.json,2572,2482,2689,2599
./instances/ruiz/json\n50m2-79.json,938,880,926,971
./instances/ruiz/json\n50m2-80.json,893,922,894,1035
./instances/ruiz/json\n50m4-01.json,1441,1478,1448,1442
./instances/ruiz/json\n50m4-02.json,1337,1319,1349,1518
./instances/ruiz/json\n50m4-03.json,1452,1468,1446,1452
./instances/ruiz/json\n50m4-04.json,1463,1456,1459,1454
./instances/ruiz/json\n50m4-05.json,1367,1438,1374,1359
./instances/ruiz/json\n50m4-06.json,895,893,890,924
./instances/ruiz/json\n50m4-07.json,939,948,984,968
./instances/ruiz/json\n50m4-08.json,884,878,886,880
./instances/ruiz/json\n50m4-09.json,828,828,865,872
./instances/ruiz/json\n50m4-10.json,958,966,962,992
./instances/ruiz/json\n50m4-11.json,1605,1563,1632,1588
./instances/ruiz/json\n50m4-12.json,1687,1636,1648,1653
./instances/ruiz/json\n50m4-13.json,1802,1804,1801,1776
./instances/ruiz/json\n50m4-14.json,1674,1669,1692,1684
./instances/ruiz/json\n50m4-15.json,1526,1554,1519,1548
./instances/ruiz/json\n50m4-16.json,886,916,935,964
./instances/ruiz/json\n50m4-17.json,984,976,1023,1022
./instances/ruiz/json\n50m4-18.json,1164,1093,1107,1148
./instances/ruiz/json\n50m4-19.json,926,937,973,992
./instances/ruiz/json\n50m4-20.json,782,850,843,870
./instances/ruiz/json\n50m4-21.json,2060,2069,2009,2054
./instances/ruiz/json\n50m4-22.json,2093,2002,2045,1935
./instances/ruiz/json\n50m4-23.json,2005,1983,1985,2134
./instances/ruiz/json\n50m4-24.json,1965,2012,1928,1976
./instances/ruiz/json\n50m4-25.json,1876,1891,1885,1834
./instances/ruiz/json\n50m4-26.json,1055,1053,1083,1215
./instances/ruiz/json\n50m4-27.json,1145,1112,1130,1193
./instances/ruiz/json\n50m4-28.json,1228,1177,1251,1250
./instances/ruiz/json\n50m4-29.json,1222,1232,1277,1306
./instances/ruiz/json\n50m4-30.json,1091,1191,1180,1139
./instances/ruiz/json\n50m4-31.json,2044,1965,2101,1980
./instances/ruiz/json\n50m4-32.json,2140,2246,2174,2274
./instances/ruiz/json\n50m4-33.json,2124,2264,2218,2197
./instances/ruiz/json\n50m4-34.json,2285,2189,2244,2256
./instances/ruiz/json\n50m4-35.json,2104,2060,2116,2098
./instances/ruiz/json\n50m4-36.json,1438,1435,1485,1609
./instances/ruiz/json\n50m4-37.json,1157,1197,1160,1266
./instances/ruiz/json\n50m4-38.json,1358,1379,1507,1477
./instances/ruiz/json\n50m4-39.json,1142,1150,1283,1173
./instances/ruiz/json\n50m4-40.json,1284,1318,1344,1355
./instances/ruiz/json\n50m4-41.json,2401,2342,2350,2423
./instances/ruiz/json\n50m4-42.json,2316,2409,2378,2364
./instances/ruiz/json\n50m4-43.json,2466,2457,2484,2452
./instances/ruiz/json\n50m4-44.json,2083,2020,2062,2074
./instances/ruiz/json\n50m4-45.json,1129,1137,1119,1135
./instances/ruiz/json\n50m4-46.json,1168,1168,1300,1302
./instances/ruiz/json\n50m4-47.json,1630,1635,1632,1657
./instances/ruiz/json\n50m4-48.json,757,750,736,764
./instances/ruiz/json\n50m4-49.json,1489,1485,1537,1460
./instances/ruiz/json\n50m4-50.json,739,754,803,883
./instances/ruiz/json\n50m4-51.json,2733,2514,2652,2629
./instances/ruiz/json\n50m4-52.json,3299,3276,3305,3232
./instances/ruiz/json\n50m4-53.json,2683,2677,2749,2757
./instances/ruiz/json\n50m4-54.json,1896,1802,1776,1893
./instances/ruiz/json\n50m4-55.json,1372,1475,1461,1388
./instances/ruiz/json\n50m4-56.json,1251,1131,1184,1328
./instances/ruiz/json\n50m4-57.json,822,960,890,1024
./instances/ruiz/json\n50m4-58.json,728,730,738,803
./instances/ruiz/json\n50m4-59.json,753,751,785,817
./instances/ruiz/json\n50m4-60.json,878,808,894,895
./instances/ruiz/json\n50m4-61.json,1670,1701,1702,1773
./instances/ruiz/json\n50m4-62.json,2395,2508,2410,2377
./instances/ruiz/json\n50m4-63.json,2872,2690,2929,3010
./instances/ruiz/json\n50m4-64.json,2102,2172,2266,2298
./instances/ruiz/json\n50m4-65.json,2706,2714,2626,2738
./instances/ruiz/json\n50m4-66.json,2295,2320,2313,2330
./instances/ruiz/json\n50m4-67.json,645,601,649,651
./instances/ruiz/json\n50m4-68.json,897,859,912,917
./instances/ruiz/json\n50m4-69.json,960,925,927,947
./instances/ruiz/json\n50m4-70.json,898,862,960,1018
./instances/ruiz/json\n50m4-71.json,3548,3620,3560,3408
./instances/ruiz/json\n50m4-72.json,2195,2177,2101,2209
./instances/ruiz/json\n50m4-73.json,3410,3591,3479,3560
./instances/ruiz/json\n50m4-74.json,1925,1974,1848,1938
./instances/ruiz/json\n50m4-75.json,2488,2483,2499,2471
./instances/ruiz/json\n50m4-76.json,1678,1803,1867,1916
./instances/ruiz/json\n50m4-77.json,1083,1083,1074,1138
./instances/ruiz/json\n50m4-78.json,1812,1704,1849,2038
./instances/ruiz/json\n50m4-79.json,1755,1710,1707,1865
./instances/ruiz/json\n50m4-80.json,1473,1445,1539,1638
./instances/ruiz/json\n50m8-01.json,1692,1680,1693,1702
./instances/ruiz/json\n50m8-02.json,1889,1873,1897,1858
./instances/ruiz/json\n50m8-03.json,1712,1768,1819,1751
./instances/ruiz/json\n50m8-04.json,1831,1805,1841,1866
./instances/ruiz/json\n50m8-05.json,1881,1875,1858,1843
./instances/ruiz/json\n50m8-06.json,1042,1040,1048,1107
./instances/ruiz/json\n50m8-07.json,1045,1062,1136,1140
./instances/ruiz/json\n50m8-08.json,994,1006,997,1062
./instances/ruiz/json\n50m8-09.json,1127,1153,1127,1180
./instances/ruiz/json\n50m8-10.json,1027,1122,1105,1058
./instances/ruiz/json\n50m8-11.json,1966,1953,1972,1985
./instances/ruiz/json\n50m8-12.json,1991,1958,1966,1992
./instances/ruiz/json\n50m8-13.json,1922,1911,1936,1920
./instances/ruiz/json\n50m8-14.json,2023,2028,2070,2079
./instances/ruiz/json\n50m8-15.json,2104,2108,2094,2165
./instances/ruiz/json\n50m8-16.json,941,1017,993,1141
./instances/ruiz/json\n50m8-17.json,1154,1110,1230,1222
./instances/ruiz/json\n50m8-18.json,1165,1196,1168,1283
./instances/ruiz/json\n50m8-19.json,1191,1192,1202,1323
./instances/ruiz/json\n50m8-20.json,1128,1150,1121,1067
./instances/ruiz/json\n50m8-21.json,2632,2617,2502,2565
./instances/ruiz/json\n50m8-22.json,2308,2286,2368,2288
./instances/ruiz/json\n50m8-23.json,2679,2755,2668,2607
./instances/ruiz/json\n50m8-24.json,2564,2514,2566,2489
./instances/ruiz/json\n50m8-25.json,2360,2355,2426,2458
./instances/ruiz/json\n50m8-26.json,1357,1349,1395,1393
./instances/ruiz/json\n50m8-27.json,1540,1565,1653,1609
./instances/ruiz/json\n50m8-28.json,1857,1801,1768,1814
./instances/ruiz/json\n50m8-29.json,1392,1394,1540,1614
./instances/ruiz/json\n50m8-30.json,1596,1578,1615,1632
./instances/ruiz/json\n50m8-31.json,2799,2781,2683,2855
./instances/ruiz/json\n50m8-32.json,2720,2732,2833,2655
./instances/ruiz/json\n50m8-33.json,2782,2816,2752,2681
./instances/ruiz/json\n50m8-34.json,2933,2890,2941,2978
./instances/ruiz/json\n50m8-35.json,2702,2719,2783,2719
./instances/ruiz/json\n50m8-36.json,1637,1745,1722,1882
./instances/ruiz/json\n50m8-37.json,1932,1876,2072,2007
./instances/ruiz/json\n50m8-38.json,1703,1762,1770,1882
./instances/ruiz/json\n50m8-39.json,1792,1763,2026,1834
./instances/ruiz/json\n50m8-40.json,1810,1846,1869,1856
./instances/ruiz/json\n50m8-41.json,3052,3064,3031,3128
./instances/ruiz/json\n50m8-42.json,2451,2510,2475,2454
./instances/ruiz/json\n50m8-43.json,1653,1680,1653,1671
./instances/ruiz/json\n50m8-44.json,2743,2676,2689,2707
./instances/ruiz/json\n50m8-45.json,2959,2927,2920,2897
./instances/ruiz/json\n50m8-46.json,827,860,940,914
./instances/ruiz/json\n50m8-47.json,890,857,918,904
./instances/ruiz/json\n50m8-48.json,1145,1090,1115,1098
./instances/ruiz/json\n50m8-49.json,1981,2005,1996,2030
./instances/ruiz/json\n50m8-50.json,1576,1537,1628,1815
./instances/ruiz/json\n50m8-51.json,3075,2952,3052,3133
./instances/ruiz/json\n50m8-52.json,2940,3016,3050,2892
./instances/ruiz/json\n50m8-53.json,3128,3054,3248,3224
./instances/ruiz/json\n50m8-54.json,2909,2757,2816,2733
./instances/ruiz/json\n50m8-55.json,3086,3051,3137,3181
./instances/ruiz/json\n50m8-56.json,1044,1050,1216,1102
./instances/ruiz/json\n50m8-57.json,1998,1996,2126,2147
./instances/ruiz/json\n50m8-58.json,1578,1565,1672,1779
./instances/ruiz/json\n50m8-59.json,916,928,913,946
./instances/ruiz/json\n50m8-60.json,1223,1243,1346,1359
./instances/ruiz/json\n50m8-61.json,4093,4120,4169,4263
./instances/ruiz/json\n50m8-62.json,4071,4073,4067,4284
./instances/ruiz/json\n50m8-63.json,4311,4212,4186,4247
./instances/ruiz/json\n50m8-64.json,3598,3560,3585,3530
./instances/ruiz/json\n50m8-65.json,3149,3171,3046,2903
./instances/ruiz/json\n50m8-66.json,2044,1826,1793,1904
./instances/ruiz/json\n50m8-67.json,2303,2137,2184,2367
./instances/ruiz/json\n50m8-68.json,946,1038,1101,1354
./instances/ruiz/json\n50m8-69.json,1165,1199,1215,1233
./instances/ruiz/json\n50m8-70.json,1874,1713,1811,1695
./instances/ruiz/json\n50m8-71.json,4346,4371,4068,4191
./instances/ruiz/json\n50m8-72.json,4845,4944,4959,5037
./instances/ruiz/json\n50m8-73.json,2539,2458,2560,2560
./instances/ruiz/json\n50m8-74.json,4934,4838,4786,4654
./instances/ruiz/json\n50m8-75.json,4114,3734,3597,3925
./instances/ruiz/json\n50m8-76.json,1552,1664,1685,1751
./instances/ruiz/json\n50m8-77.json,1993,1746,2003,2205
./instances/ruiz/json\n50m8-78.json,1233,1304,1251,1321
./instances/ruiz/json\n50m8-79.json,2596,2757,2772,2848
./instances/ruiz/json\n50m8-80.json,2825,2625,2846,2608
./instances/ruiz/json\n80m2-01.json,2001,2012,1974,2002
./instances/ruiz/json\n80m2-02.json,1961,2003,1965,1983
./instances/ruiz/json\n80m2-03.json,2063,2038,2014,2074
./instances/ruiz/json\n80m2-04.json,2099,2109,2126,2058
./instances/ruiz/json\n80m2-05.json,2165,2171,2160,2154
./instances/ruiz/json\n80m2-06.json,1348,1353,1355,1364
./instances/ruiz/json\n80m2-07.json,1416,1443,1448,1451
./instances/ruiz/json\n80m2-08.json,1217,1223,1206,1235
./instances/ruiz/json\n80m2-09.json,1281,1281,1284,1264
./instances/ruiz/json\n80m2-10.json,1293,1327,1306,1311
./instances/ruiz/json\n80m2-11.json,2494,2451,2463,2407
./instances/ruiz/json\n80m2-12.json,2395,2376,2353,2342
./instances/ruiz/json\n80m2-13.json,2482,2528,2506,2504
./instances/ruiz/json\n80m2-14.json,2417,2390,2371,2372
./instances/ruiz/json\n80m2-15.json,2399,2353,2366,2351
./instances/ruiz/json\n80m2-16.json,1602,1569,1661,1517
./instances/ruiz/json\n80m2-17.json,1174,1216,1244,1303
./instances/ruiz/json\n80m2-18.json,1418,1409,1443,1440
./instances/ruiz/json\n80m2-19.json,1448,1429,1460,1448
./instances/ruiz/json\n80m2-20.json,1412,1405,1391,1403
./instances/ruiz/json\n80m2-21.json,2707,2625,2577,2602
./instances/ruiz/json\n80m2-22.json,2349,2337,2400,2377
./instances/ruiz/json\n80m2-23.json,2697,2526,2638,2592
./instances/ruiz/json\n80m2-24.json,2975,2888,2801,2953
./instances/ruiz/json\n80m2-25.json,2354,2329,2316,2415
./instances/ruiz/json\n80m2-26.json,1795,1717,1809,1753
./instances/ruiz/json\n80m2-27.json,1382,1379,1448,1473
./instances/ruiz/json\n80m2-28.json,1629,1618,1661,1743
./instances/ruiz/json\n80m2-29.json,1872,1778,1795,1912
./instances/ruiz/json\n80m2-30.json,1558,1546,1572,1620
./instances/ruiz/json\n80m2-31.json,2718,2643,2619,2632
./instances/ruiz/json\n80m2-32.json,2935,2870,2876,2883
./instances/ruiz/json\n80m2-33.json,2733,2702,2780,2636
./instances/ruiz/json\n80m2-34.json,2919,2837,2928,2990
./instances/ruiz/json\n80m2-35.json,2757,2852,2830,2701
./instances/ruiz/json\n80m2-36.json,1620,1498,1530,1606
./instances/ruiz/json\n80m2-37.json,1813,1762,1738,1882
./instances/ruiz/json\n80m2-38.json,1935,1968,2066,2096
./instances/ruiz/json\n80m2-39.json,1537,1530,1621,1537
./instances/ruiz/json\n80m2-40.json,1566,1609,1660,1880
./instances/ruiz/json\n80m2-41.json,1748,1751,1762,1745
./instances/ruiz/json\n80m2-42.json,3005,3020,2966,3000
./instances/ruiz/json\n80m2-43.json,1875,1901,1907,1998
./instances/ruiz/json\n80m2-44.json,1100,1094,1096,1095
./instances/ruiz/json\n80m2-45.json,1856,1823,1847,1851
./instances/ruiz/json\n80m2-46.json,1088,1043,1059,1081
./instances/ruiz/json\n80m2-47.json,747,749,767,769
./instances/ruiz/json\n80m2-48.json,1987,1958,2019,1980
./instances/ruiz/json\n80m2-49.json,2790,2746,2756,2740
./instances/ruiz/json\n80m2-50.json,1268,1272,1292,1319
./instances/ruiz/json\n80m2-51.json,1880,1817,1776,1924
./instances/ruiz/json\n80m2-52.json,2035,2004,2038,2002
./instances/ruiz/json\n80m2-53.json,1173,1145,1126,1166
./instances/ruiz/json\n80m2-54.json,1530,1495,1535,1535
./instances/ruiz/json\n80m2-55.json,3545,3423,3436,3396
./instances/ruiz/json\n80m2-56.json,3339,3348,3296,3337
./instances/ruiz/json\n80m2-57.json,1009,1062,1020,999
./instances/ruiz/json\n80m2-58.json,1099,1120,1114,1123
./instances/ruiz/json\n80m2-59.json,816,845,833,840
./instances/ruiz/json\n80m2-60.json,1705,1718,1745,1756
./instances/ruiz/json\n80m2-61.json,2873,2866,2968,2960
./instances/ruiz/json\n80m2-62.json,2498,2489,2454,2467
./instances/ruiz/json\n80m2-63.json,4040,3929,3719,3731
./instances/ruiz/json\n80m2-64.json,1570,1612,1588,1663
./instances/ruiz/json\n80m2-65.json,1817,1839,1788,1782
./instances/ruiz/json\n80m2-66.json,2858,3068,3051,2992
./instances/ruiz/json\n80m2-67.json,978,925,1004,990
./instances/ruiz/json\n80m2-68.json,1274,1311,1262,1275
./instances/ruiz/json\n80m2-69.json,1138,1140,1145,1161
./instances/ruiz/json\n80m2-70.json,1619,1736,1790,1675
./instances/ruiz/json\n80m2-71.json,4141,3807,3924,4220
./instances/ruiz/json\n80m2-72.json,4211,4250,4128,3815
./instances/ruiz/json\n80m2-73.json,1796,1775,1772,1860
./instances/ruiz/json\n80m2-74.json,2538,2529,2564,2489
./instances/ruiz/json\n80m2-75.json,4153,3668,3540,3571
./instances/ruiz/json\n80m2-76.json,1698,1692,1762,1695
./instances/ruiz/json\n80m2-77.json,1205,1249,1240,1308
./instances/ruiz/json\n80m2-78.json,3287,3081,3053,3037
./instances/ruiz/json\n80m2-79.json,1001,997,1030,1039
./instances/ruiz/json\n80m2-80.json,1860,1915,1951,1941
./instances/ruiz/json\n80m4-01.json,2193,2193,2286,2207
./instances/ruiz/json\n80m4-02.json,2235,2244,2202,2235
./instances/ruiz/json\n80m4-03.json,2262,2279,2283,2255
./instances/ruiz/json\n80m4-04.json,2532,2560,2590,2551
./instances/ruiz/json\n80m4-05.json,2187,2202,2197,2213
./instances/ruiz/json\n80m4-06.json,1452,1507,1458,1487
./instances/ruiz/json\n80m4-07.json,1211,1187,1196,1280
./instances/ruiz/json\n80m4-08.json,1242,1259,1206,1352
./instances/ruiz/json\n80m4-09.json,1493,1500,1481,1542
./instances/ruiz/json\n80m4-10.json,1319,1288,1356,1323
./instances/ruiz/json\n80m4-11.json,2436,2354,2455,2381
./instances/ruiz/json\n80m4-12.json,2191,2216,2302,2315
./instances/ruiz/json\n80m4-13.json,2492,2461,2433,2423
./instances/ruiz/json\n80m4-14.json,2520,2506,2437,2525
./instances/ruiz/json\n80m4-15.json,2621,2615,2600,2557
./instances/ruiz/json\n80m4-16.json,1603,1598,1575,1638
./instances/ruiz/json\n80m4-17.json,1622,1641,1583,1652
./instances/ruiz/json\n80m4-18.json,1585,1520,1662,1660
./instances/ruiz/json\n80m4-19.json,1407,1425,1417,1612
./instances/ruiz/json\n80m4-20.json,1805,1833,1828,1855
./instances/ruiz/json\n80m4-21.json,2801,2791,2898,2841
./instances/ruiz/json\n80m4-22.json,3040,3013,3117,3132
./instances/ruiz/json\n80m4-23.json,3046,3110,3069,3122
./instances/ruiz/json\n80m4-24.json,2973,2949,3001,2899
./instances/ruiz/json\n80m4-25.json,3035,3057,3021,3023
./instances/ruiz/json\n80m4-26.json,1939,1784,1829,1859
./instances/ruiz/json\n80m4-27.json,1750,1756,1743,1901
./instances/ruiz/json\n80m4-28.json,1957,1895,2051,1956
./instances/ruiz/json\n80m4-29.json,1772,1867,1884,1792
./instances/ruiz/json\n80m4-30.json,1799,1809,1847,1907
./instances/ruiz/json\n80m4-31.json,3329,3379,3340,3251
./instances/ruiz/json\n80m4-32.json,3525,3464,3538,3409
./instances/ruiz/json\n80m4-33.json,3551,3652,3704,3695
./instances/ruiz/json\n80m4-34.json,3638,3502,3595,3536
./instances/ruiz/json\n80m4-35.json,3494,3442,3494,3436
./instances/ruiz/json\n80m4-36.json,2305,2314,2318,2234
./instances/ruiz/json\n80m4-37.json,1765,1659,1778,1876
./instances/ruiz/json\n80m4-38.json,1983,2020,2041,2065
./instances/ruiz/json\n80m4-39.json,2280,2286,2313,2337
./instances/ruiz/json\n80m4-40.json,1913,1949,2028,2001
./instances/ruiz/json\n80m4-41.json,4006,3931,3917,3902
./instances/ruiz/json\n80m4-42.json,2127,2119,2110,2146
./instances/ruiz/json\n80m4-43.json,3857,3854,3844,3854
./instances/ruiz/json\n80m4-44.json,2079,2216,2256,2150
./instances/ruiz/json\n80m4-45.json,3434,3406,3467,3616
./instances/ruiz/json\n80m4-46.json,2696,2672,2666,2690
./instances/ruiz/json\n80m4-47.json,1635,1631,1658,1634
./instances/ruiz/json\n80m4-48.json,957,944,1016,1192
./instances/ruiz/json\n80m4-49.json,2580,2574,2548,2558
./instances/ruiz/json\n80m4-50.json,1559,1579,1564,1587
./instances/ruiz/json\n80m4-51.json,2236,2219,2234,2146
./instances/ruiz/json\n80m4-52.json,4548,4626,4387,4562
./instances/ruiz/json\n80m4-53.json,2398,2360,2396,2378
./instances/ruiz/json\n80m4-54.json,2186,2149,2255,2290
./instances/ruiz/json\n80m4-55.json,2333,2315,2319,2296
./instances/ruiz/json\n80m4-56.json,1588,1814,2056,1737
./instances/ruiz/json\n80m4-57.json,1071,1066,1216,1343
./instances/ruiz/json\n80m4-58.json,1695,1647,1820,1668
./instances/ruiz/json\n80m4-59.json,2345,2358,2379,2344
./instances/ruiz/json\n80m4-60.json,2238,2205,2269,2320
./instances/ruiz/json\n80m4-61.json,3969,3830,4076,3893
./instances/ruiz/json\n80m4-62.json,5752,5863,5696,5553
./instances/ruiz/json\n80m4-63.json,4211,4270,3915,3991
./instances/ruiz/json\n80m4-64.json,5490,5661,5494,5824
./instances/ruiz/json\n80m4-65.json,6417,6434,6276,6319
./instances/ruiz/json\n80m4-66.json,1810,1703,1862,1877
./instances/ruiz/json\n80m4-67.json,1731,1619,1640,1635
./instances/ruiz/json\n80m4-68.json,1784,1825,1819,1895
./instances/ruiz/json\n80m4-69.json,1222,1273,1299,1325
./instances/ruiz/json\n80m4-70.json,2859,2607,2859,3164
./instances/ruiz/json\n80m4-71.json,5371,4982,5054,5280
./instances/ruiz/json\n80m4-72.json,1984,1969,1968,1917
./instances/ruiz/json\n80m4-73.json,3093,3136,3182,3098
./instances/ruiz/json\n80m4-74.json,2654,2574,2672,2750
./instances/ruiz/json\n80m4-75.json,5886,5629,5905,5890
./instances/ruiz/json\n80m4-76.json,2123,2269,2210,2312
./instances/ruiz/json\n80m4-77.json,1588,1520,1476,1566
./instances/ruiz/json\n80m4-78.json,1433,1450,1527,1522
./instances/ruiz/json\n80m4-79.json,3423,3596,3430,3715
./instances/ruiz/json\n80m4-80.json,2560,2505,2741,2641
./instances/ruiz/json\n80m8-1.json,2628,2614,2631,2662
./instances/ruiz/json\n80m8-2.json,2470,2512,2548,2561
./instances/ruiz/json\n80m8-3.json,2628,2436,2518,2509
./instances/ruiz/json\n80m8-4.json,2374,2406,2347,2513
./instances/ruiz/json\n80m8-5.json,2593,2679,2592,2665
./instances/ruiz/json\n80m8-6.json,1730,1648,1730,1694
./instances/ruiz/json\n80m8-7.json,1708,1728,1781,1740
./instances/ruiz/json\n80m8-8.json,1632,1711,1695,1720
./instances/ruiz/json\n80m8-9.json,1638,1691,1610,1720
./instances/ruiz/json\n80m8-01.json,2637,2645,2629,2650
./instances/ruiz/json\n80m8-02.json,2443,2460,2519,2528
./instances/ruiz/json\n80m8-03.json,2473,2509,2688,2673
./instances/ruiz/json\n80m8-04.json,2396,2453,2392,2392
./instances/ruiz/json\n80m8-05.json,2659,2587,2604,2741
./instances/ruiz/json\n80m8-06.json,1643,1691,1704,1745
./instances/ruiz/json\n80m8-07.json,1832,1684,1772,1755
./instances/ruiz/json\n80m8-08.json,1644,1656,1640,1683
./instances/ruiz/json\n80m8-09.json,1631,1663,1614,1664
./instances/ruiz/json\n80m8-10.json,1505,1572,1683,1643
./instances/ruiz/json\n80m8-11.json,4327,4454,4385,4292
./instances/ruiz/json\n80m8-12.json,3982,4037,3986,3939
./instances/ruiz/json\n80m8-13.json,3826,4007,3976,4034
./instances/ruiz/json\n80m8-14.json,4913,4926,4948,4937
./instances/ruiz/json\n80m8-15.json,2304,2318,2326,2341
./instances/ruiz/json\n80m8-16.json,2570,2621,2568,2615
./instances/ruiz/json\n80m8-17.json,1976,1955,1962,1742
./instances/ruiz/json\n80m8-18.json,2990,3033,3023,3065
./instances/ruiz/json\n80m8-19.json,3222,3227,3214,3284
./instances/ruiz/json\n80m8-20.json,2969,2996,2984,3008
./instances/ruiz/json\n80m8-21.json,3102,3122,3046,3075
./instances/ruiz/json\n80m8-22.json,2910,3077,2988,2964
./instances/ruiz/json\n80m8-23.json,3005,3030,3024,3088
./instances/ruiz/json\n80m8-24.json,2884,2981,3107,3137
./instances/ruiz/json\n80m8-25.json,3048,2955,3021,3055
./instances/ruiz/json\n80m8-26.json,1754,1786,1798,1939
./instances/ruiz/json\n80m8-27.json,1646,1764,1797,1910
./instances/ruiz/json\n80m8-28.json,1891,1830,1926,2073
./instances/ruiz/json\n80m8-29.json,2197,2184,2250,2303
./instances/ruiz/json\n80m8-30.json,1729,1760,1795,1893
./instances/ruiz/json\n80m8-31.json,4977,5252,5107,5095
./instances/ruiz/json\n80m8-32.json,5060,4969,4961,4818
./instances/ruiz/json\n80m8-33.json,4069,4520,4272,3877
./instances/ruiz/json\n80m8-34.json,4818,4878,4688,4753
./instances/ruiz/json\n80m8-35.json,4930,4684,4721,4745
./instances/ruiz/json\n80m8-36.json,1896,1881,2101,2303
./instances/ruiz/json\n80m8-37.json,3252,3130,3190,3226
./instances/ruiz/json\n80m8-38.json,2117,2079,2472,2265
./instances/ruiz/json\n80m8-39.json,2348,2324,2239,2562
./instances/ruiz/json\n80m8-40.json,3824,3864,3865,3864
./instances/ruiz/json\n80m8-41.json,3808,3845,3850,3958
./instances/ruiz/json\n80m8-42.json,3834,3772,3823,3737
./instances/ruiz/json\n80m8-43.json,3805,3681,3715,3674
./instances/ruiz/json\n80m8-44.json,3798,3748,3676,3917
./instances/ruiz/json\n80m8-45.json,3793,3850,3877,3852
./instances/ruiz/json\n80m8-46.json,2445,2522,2433,2509
./instances/ruiz/json\n80m8-47.json,2034,2162,2145,2239
./instances/ruiz/json\n80m8-48.json,2485,2384,2658,2574
./instances/ruiz/json\n80m8-49.json,2090,2080,2111,2201
./instances/ruiz/json\n80m8-50.json,2261,2338,2264,2438
./instances/ruiz/json\n80m8-51.json,3482,3616,3508,3569
./instances/ruiz/json\n80m8-52.json,3400,3389,3211,3230
./instances/ruiz/json\n80m8-53.json,5588,5630,5546,5497
./instances/ruiz/json\n80m8-54.json,7015,6981,6809,6888
./instances/ruiz/json\n80m8-55.json,5525,5445,5355,5346
./instances/ruiz/json\n80m8-56.json,1839,1741,1836,1914
./instances/ruiz/json\n80m8-57.json,4034,3974,4176,4198
./instances/ruiz/json\n80m8-58.json,3049,3187,2834,3313
./instances/ruiz/json\n80m8-59.json,2004,2394,2373,2475
./instances/ruiz/json\n80m8-60.json,3178,3079,3176,3111
./instances/ruiz/json\n80m8-61.json,4354,4314,4258,4397
./instances/ruiz/json\n80m8-62.json,4244,4256,4239,4121
./instances/ruiz/json\n80m8-63.json,4336,4340,4411,4414
./instances/ruiz/json\n80m8-64.json,4203,4202,4116,4292
./instances/ruiz/json\n80m8-65.json,4400,4343,4468,4423
./instances/ruiz/json\n80m8-66.json,2340,2305,2381,2398
./instances/ruiz/json\n80m8-67.json,2628,2728,2749,2717
./instances/ruiz/json\n80m8-68.json,2431,2597,2477,2706
./instances/ruiz/json\n80m8-69.json,2347,2515,2440,2736
./instances/ruiz/json\n80m8-70.json,2598,2535,2514,2578
./instances/ruiz/json\n80m8-71.json,7609,7738,7486,7740
./instances/ruiz/json\n80m8-72.json,6237,5975,5885,5955
./instances/ruiz/json\n80m8-73.json,6059,5728,5825,5952
./instances/ruiz/json\n80m8-74.json,5489,5527,5433,5350
./instances/ruiz/json\n80m8-75.json,7085,6966,6965,6699
./instances/ruiz/json\n80m8-76.json,1763,1735,1768,1871
./instances/ruiz/json\n80m8-77.json,2900,3013,3082,3193
./instances/ruiz/json\n80m8-78.json,3539,3873,3863,4345
./instances/ruiz/json\n80m8-79.json,2384,3382,2987,3762
./instances/ruiz/json\n80m8-80.json,3383,2954,3182,3470
./instances/ruiz/json\n120m2-01.json,3217,3217,3214,3250
./instances/ruiz/json\n120m2-02.json,3043,3061,3042,3049
./instances/ruiz/json\n120m2-03.json,3187,3170,3141,3149
./instances/ruiz/json\n120m2-04.json,3012,3021,3033,3053
./instances/ruiz/json\n120m2-05.json,3075,3089,3077,3024
./instances/ruiz/json\n120m2-06.json,2020,2017,2037,1995
./instances/ruiz/json\n120m2-07.json,2256,2218,2230,2240
./instances/ruiz/json\n120m2-08.json,2552,2516,2536,2549
./instances/ruiz/json\n120m2-09.json,2340,2342,2328,2368
./instances/ruiz/json\n120m2-10.json,1996,2014,1989,1976
./instances/ruiz/json\n120m2-11.json,3310,3283,3293,3311
./instances/ruiz/json\n120m2-12.json,3329,3252,3202,3245
./instances/ruiz/json\n120m2-13.json,3615,3662,3603,3627
./instances/ruiz/json\n120m2-14.json,3432,3388,3374,3378
./instances/ruiz/json\n120m2-15.json,3414,3440,3387,3393
./instances/ruiz/json\n120m2-16.json,2422,2385,2333,2377
./instances/ruiz/json\n120m2-17.json,2271,2215,2270,2305
./instances/ruiz/json\n120m2-18.json,2119,2050,2099,2145
./instances/ruiz/json\n120m2-19.json,2140,2216,2112,2162
./instances/ruiz/json\n120m2-20.json,2499,2397,2468,2495
./instances/ruiz/json\n120m2-21.json,4106,4026,3935,4009
./instances/ruiz/json\n120m2-22.json,4189,4165,4116,4264
./instances/ruiz/json\n120m2-23.json,4209,4073,4105,3889
./instances/ruiz/json\n120m2-24.json,4279,4261,4247,4311
./instances/ruiz/json\n120m2-25.json,4213,4118,3988,4160
./instances/ruiz/json\n120m2-26.json,2700,2690,2699,2735
./instances/ruiz/json\n120m2-27.json,2387,2523,2458,2366
./instances/ruiz/json\n120m2-28.json,2543,2532,2523,2647
./instances/ruiz/json\n120m2-29.json,2428,2328,2263,2397
./instances/ruiz/json\n120m2-30.json,2319,2334,2434,2433
./instances/ruiz/json\n120m2-31.json,4514,4558,4546,4593
./instances/ruiz/json\n120m2-32.json,4566,4710,4710,4477
./instances/ruiz/json\n120m2-33.json,4210,4156,4126,4276
./instances/ruiz/json\n120m2-34.json,4390,4311,4368,4225
./instances/ruiz/json\n120m2-35.json,4510,4499,4495,4404
./instances/ruiz/json\n120m2-36.json,2433,2356,2588,2395
./instances/ruiz/json\n120m2-37.json,2798,2792,2828,2727
./instances/ruiz/json\n120m2-38.json,2717,2636,2705,2790
./instances/ruiz/json\n120m2-39.json,3124,3026,3033,3212
./instances/ruiz/json\n120m2-40.json,2826,2720,2941,2883
./instances/ruiz/json\n120m2-41.json,5118,5113,5102,4993
./instances/ruiz/json\n120m2-42.json,5145,5096,5095,5113
./instances/ruiz/json\n120m2-43.json,6081,6070,6070,6041
./instances/ruiz/json\n120m2-44.json,3201,3174,3189,3203
./instances/ruiz/json\n120m2-45.json,2386,2414,2395,2377
./instances/ruiz/json\n120m2-46.json,1944,1932,1917,1953
./instances/ruiz/json\n120m2-47.json,1771,1788,1769,1793
./instances/ruiz/json\n120m2-48.json,3446,3381,3371,3389
./instances/ruiz/json\n120m2-49.json,1715,1613,1729,1766
./instances/ruiz/json\n120m2-50.json,1085,1078,1109,1070
./instances/ruiz/json\n120m2-51.json,3165,3151,3087,3110
./instances/ruiz/json\n120m2-52.json,3542,3566,3479,3487
./instances/ruiz/json\n120m2-53.json,2237,2219,2216,2231
./instances/ruiz/json\n120m2-54.json,3010,3061,2906,2928
./instances/ruiz/json\n120m2-55.json,2326,2334,2332,2311
./instances/ruiz/json\n120m2-56.json,2134,2075,2167,2154
./instances/ruiz/json\n120m2-57.json,1097,1097,1120,1251
./instances/ruiz/json\n120m2-58.json,1523,1531,1528,1620
./instances/ruiz/json\n120m2-59.json,2989,2921,3001,2893
./instances/ruiz/json\n120m2-60.json,4011,3966,3921,3881
./instances/ruiz/json\n120m2-61.json,7005,7035,6775,6477
./instances/ruiz/json\n120m2-62.json,2521,2427,2407,2497
./instances/ruiz/json\n120m2-63.json,3419,3374,3325,3332
./instances/ruiz/json\n120m2-64.json,2556,2493,2465,2525
./instances/ruiz/json\n120m2-65.json,5915,6064,5706,5525
./instances/ruiz/json\n120m2-66.json,1716,1766,1735,1824
./instances/ruiz/json\n120m2-67.json,1229,1273,1259,1317
./instances/ruiz/json\n120m2-68.json,1594,1634,1654,1668
./instances/ruiz/json\n120m2-69.json,2653,2706,2600,2578
./instances/ruiz/json\n120m2-70.json,2559,2523,2561,2562
./instances/ruiz/json\n120m2-71.json,4002,3967,4013,4122
./instances/ruiz/json\n120m2-72.json,4209,4001,4063,3972
./instances/ruiz/json\n120m2-73.json,6700,6593,6270,6289
./instances/ruiz/json\n120m2-74.json,6289,6103,6095,5672
./instances/ruiz/json\n120m2-75.json,6106,6168,5802,5593
./instances/ruiz/json\n120m2-76.json,2290,2379,2365,2505
./instances/ruiz/json\n120m2-77.json,1791,1767,1808,1886
./instances/ruiz/json\n120m2-78.json,2884,2786,2843,2694
./instances/ruiz/json\n120m2-79.json,4402,4344,4182,4367
./instances/ruiz/json\n120m2-80.json,1646,1628,1621,1669
./instances/ruiz/json\n120m4-01.json,3285,3205,3324,3293
./instances/ruiz/json\n120m4-02.json,3221,3264,3228,3276
./instances/ruiz/json\n120m4-03.json,3387,3392,3398,3361
./instances/ruiz/json\n120m4-04.json,3270,3271,3274,3216
./instances/ruiz/json\n120m4-05.json,3305,3327,3260,3335
./instances/ruiz/json\n120m4-06.json,2216,2183,2154,2190
./instances/ruiz/json\n120m4-07.json,2171,2161,2160,2194
./instances/ruiz/json\n120m4-08.json,2216,2145,2172,2218
./instances/ruiz/json\n120m4-09.json,2178,2132,2090,2154
./instances/ruiz/json\n120m4-10.json,2003,2018,2066,2041
./instances/ruiz/json\n120m4-11.json,5864,5714,5736,5694
./instances/ruiz/json\n120m4-12.json,5420,5349,5336,5601
./instances/ruiz/json\n120m4-13.json,6364,6540,6349,6317
./instances/ruiz/json\n120m4-14.json,5971,5889,5927,5962
./instances/ruiz/json\n120m4-15.json,5775,5675,5521,5326
./instances/ruiz/json\n120m4-16.json,2408,2490,2627,2920
./instances/ruiz/json\n120m4-17.json,2457,2441,2771,2564
./instances/ruiz/json\n120m4-18.json,2067,2279,2072,2380
./instances/ruiz/json\n120m4-19.json,1281,1275,1295,1357
./instances/ruiz/json\n120m4-20.json,3310,2605,2599,2839
./instances/ruiz/json\n120m4-21.json,3774,3832,3806,3797
./instances/ruiz/json\n120m4-22.json,3644,3642,3643,3583
./instances/ruiz/json\n120m4-23.json,3982,3933,3943,3911
./instances/ruiz/json\n120m4-24.json,3843,3859,3872,3906
./instances/ruiz/json\n120m4-25.json,3862,3833,3792,3840
./instances/ruiz/json\n120m4-26.json,1866,2006,1918,1952
./instances/ruiz/json\n120m4-27.json,2266,2194,2204,2270
./instances/ruiz/json\n120m4-28.json,2642,2649,2606,2637
./instances/ruiz/json\n120m4-29.json,2466,2412,2520,2481
./instances/ruiz/json\n120m4-30.json,2360,2418,2470,2473
./instances/ruiz/json\n120m4-31.json,3130,3215,3068,2996
./instances/ruiz/json\n120m4-32.json,6165,6171,6178,6066
./instances/ruiz/json\n120m4-33.json,7493,7335,7394,7245
./instances/ruiz/json\n120m4-34.json,2378,2381,2316,2347
./instances/ruiz/json\n120m4-35.json,3102,2995,2971,3085
./instances/ruiz/json\n120m4-36.json,3330,3287,3232,3417
./instances/ruiz/json\n120m4-37.json,1622,1505,1699,1792
./instances/ruiz/json\n120m4-38.json,4692,4574,4644,4504
./instances/ruiz/json\n120m4-39.json,1753,2026,1818,2259
./instances/ruiz/json\n120m4-40.json,3937,3693,3368,4037
./instances/ruiz/json\n120m4-41.json,4837,4619,4705,4801
./instances/ruiz/json\n120m4-42.json,4693,4726,4668,4876
./instances/ruiz/json\n120m4-43.json,5012,4857,4943,4975
./instances/ruiz/json\n120m4-44.json,4777,4778,4543,4731
./instances/ruiz/json\n120m4-45.json,4512,4536,4533,4440
./instances/ruiz/json\n120m4-46.json,3181,3128,3140,3213
./instances/ruiz/json\n120m4-47.json,2810,3075,3072,2945
./instances/ruiz/json\n120m4-48.json,2541,2573,2581,2742
./instances/ruiz/json\n120m4-49.json,2922,2658,2918,2772
./instances/ruiz/json\n120m4-50.json,2668,2680,2600,2694
./instances/ruiz/json\n120m4-51.json,6747,6603,6438,6143
./instances/ruiz/json\n120m4-52.json,4466,4288,4273,4380
./instances/ruiz/json\n120m4-53.json,8078,7867,7887,7608
./instances/ruiz/json\n120m4-54.json,4697,4565,4627,4553
./instances/ruiz/json\n120m4-55.json,6858,6843,6648,6339
./instances/ruiz/json\n120m4-56.json,3543,4120,4125,4418
./instances/ruiz/json\n120m4-57.json,1569,1536,1673,1690
./instances/ruiz/json\n120m4-58.json,6003,5935,5994,5919
./instances/ruiz/json\n120m4-59.json,2994,3012,3111,4001
./instances/ruiz/json\n120m4-60.json,2902,2672,2868,2881
./instances/ruiz/json\n120m4-61.json,5285,5258,5251,5262
./instances/ruiz/json\n120m4-62.json,4925,4743,4809,4838
./instances/ruiz/json\n120m4-63.json,5281,5154,5320,5029
./instances/ruiz/json\n120m4-64.json,5140,4994,5024,4920
./instances/ruiz/json\n120m4-65.json,5297,5189,5132,5281
./instances/ruiz/json\n120m4-66.json,3169,3141,3117,3295
./instances/ruiz/json\n120m4-67.json,2984,2974,2907,3115
./instances/ruiz/json\n120m4-68.json,3473,3537,3461,3611
./instances/ruiz/json\n120m4-69.json,3365,3265,3215,3482
./instances/ruiz/json\n120m4-70.json,3733,3606,3719,3722
./instances/ruiz/json\n120m4-71.json,6836,6314,6285,6403
./instances/ruiz/json\n120m4-72.json,9641,9344,9524,9701
./instances/ruiz/json\n120m4-73.json,9263,9039,8995,8800
./instances/ruiz/json\n120m4-74.json,4849,4851,4639,4666
./instances/ruiz/json\n120m4-75.json,9767,9483,9405,9572
./instances/ruiz/json\n120m4-76.json,3935,4066,4171,4145
./instances/ruiz/json\n120m4-77.json,2128,2256,2292,2352
./instances/ruiz/json\n120m4-78.json,3626,3815,4492,4088
./instances/ruiz/json\n120m4-79.json,6815,6896,6462,6519
./instances/ruiz/json\n120m4-80.json,6283,5911,5576,5822
./instances/ruiz/json\n120m8-01.json,3633,3598,3651,3629
./instances/ruiz/json\n120m8-02.json,3502,3487,3680,3590
./instances/ruiz/json\n120m8-03.json,3656,3702,3708,3641
./instances/ruiz/json\n120m8-04.json,3834,3832,3852,3822
./instances/ruiz/json\n120m8-05.json,3713,3754,3792,3798
./instances/ruiz/json\n120m8-06.json,2413,2483,2412,2486
./instances/ruiz/json\n120m8-07.json,2481,2386,2393,2365
./instances/ruiz/json\n120m8-08.json,2407,2467,2506,2448
./instances/ruiz/json\n120m8-09.json,2026,2110,2035,2053
./instances/ruiz/json\n120m8-10.json,2449,2347,2514,2461
./instances/ruiz/json\n120m8-11.json,5961,5915,6017,5970
./instances/ruiz/json\n120m8-12.json,6204,6203,6023,6069
./instances/ruiz/json\n120m8-13.json,6795,6854,6764,6811
./instances/ruiz/json\n120m8-14.json,3846,3836,3723,3810
./instances/ruiz/json\n120m8-15.json,6598,6534,6525,6622
./instances/ruiz/json\n120m8-16.json,3205,3366,3102,3993
./instances/ruiz/json\n120m8-17.json,4544,4455,4431,4515
./instances/ruiz/json\n120m8-18.json,4135,4160,4143,4123
./instances/ruiz/json\n120m8-19.json,2983,3203,3292,3572
./instances/ruiz/json\n120m8-20.json,3163,2997,3943,3816
./instances/ruiz/json\n120m8-21.json,4307,4301,4280,4312
./instances/ruiz/json\n120m8-22.json,4155,4260,4321,4328
./instances/ruiz/json\n120m8-23.json,4386,4443,4354,4317
./instances/ruiz/json\n120m8-24.json,4322,4389,4248,4321
./instances/ruiz/json\n120m8-25.json,4449,4399,4448,4372
./instances/ruiz/json\n120m8-26.json,2691,2640,2666,2815
./instances/ruiz/json\n120m8-27.json,2584,2693,2646,2673
./instances/ruiz/json\n120m8-28.json,2982,2884,3041,2994
./instances/ruiz/json\n120m8-29.json,2497,2494,2562,2587
./instances/ruiz/json\n120m8-30.json,2878,2978,2938,3083
./instances/ruiz/json\n120m8-31.json,7816,7694,7563,7712
./instances/ruiz/json\n120m8-32.json,7301,7262,7347,7318
./instances/ruiz/json\n120m8-33.json,6893,7034,7256,6957
./instances/ruiz/json\n120m8-34.json,3826,3740,3845,3788
./instances/ruiz/json\n120m8-35.json,7164,6982,7061,7045
./instances/ruiz/json\n120m8-36.json,3129,3802,3419,3705
./instances/ruiz/json\n120m8-37.json,3616,3535,3725,3739
./instances/ruiz/json\n120m8-38.json,4581,4381,4563,4782
./instances/ruiz/json\n120m8-39.json,3002,2967,3065,3004
./instances/ruiz/json\n120m8-40.json,2068,2461,1937,2248
./instances/ruiz/json\n120m8-41.json,5464,5322,5441,5387
./instances/ruiz/json\n120m8-42.json,5448,5496,5400,5479
./instances/ruiz/json\n120m8-43.json,5444,5486,5552,5413
./instances/ruiz/json\n120m8-44.json,5779,5765,5730,5639
./instances/ruiz/json\n120m8-45.json,5324,5427,5156,5262
./instances/ruiz/json\n120m8-46.json,3535,3631,3730,3538
./instances/ruiz/json\n120m8-47.json,3643,3431,3297,3517
./instances/ruiz/json\n120m8-48.json,3294,3263,3297,3421
./instances/ruiz/json\n120m8-49.json,3413,3352,3472,3652
./instances/ruiz/json\n120m8-50.json,3293,3438,3508,3641
./instances/ruiz/json\n120m8-51.json,9222,9150,9017,8953
./instances/ruiz/json\n120m8-52.json,9753,9551,9509,9573
./instances/ruiz/json\n120m8-53.json,9313,9396,9299,9335
./instances/ruiz/json\n120m8-54.json,9925,9785,9768,9818
./instances/ruiz/json\n120m8-55.json,9187,9155,9023,9123
./instances/ruiz/json\n120m8-56.json,5110,5369,5438,6129
./instances/ruiz/json\n120m8-57.json,5166,4976,4918,5241
./instances/ruiz/json\n120m8-58.json,4944,4864,5169,5217
./instances/ruiz/json\n120m8-59.json,4399,3784,4271,3885
./instances/ruiz/json\n120m8-60.json,4116,4118,3764,4576
./instances/ruiz/json\n120m8-61.json,6257,6188,6220,6258
./instances/ruiz/json\n120m8-62.json,6047,6076,5898,5950
./instances/ruiz/json\n120m8-63.json,6008,5909,6025,5769
./instances/ruiz/json\n120m8-64.json,5793,5813,5611,5667
./instances/ruiz/json\n120m8-65.json,6075,6118,6055,6173
./instances/ruiz/json\n120m8-66.json,3429,3569,3545,3598
./instances/ruiz/json\n120m8-67.json,3493,3675,3818,3671
./instances/ruiz/json\n120m8-68.json,3995,3865,3983,3823
./instances/ruiz/json\n120m8-69.json,3720,3940,3755,3780
./instances/ruiz/json\n120m8-70.json,3924,3936,3935,3819
./instances/ruiz/json\n120m8-71.json,10973,10928,11076,10402
./instances/ruiz/json\n120m8-72.json,10561,10715,10497,10151
./instances/ruiz/json\n120m8-73.json,11031,10937,10809,10828
./instances/ruiz/json\n120m8-74.json,7013,6553,6488,6226
./instances/ruiz/json\n120m8-75.json,10361,10262,10110,9492
./instances/ruiz/json\n120m8-76.json,5085,5236,5645,5395
./instances/ruiz/json\n120m8-77.json,2816,2928,2849,2969
./instances/ruiz/json\n120m8-78.json,4453,4896,4785,4597
./instances/ruiz/json\n120m8-79.json,4797,5412,5338,5066
./instances/ruiz/json\n120m8-80.json,5935,5725,6043,6234
